album_name,country_name,unique_customers
"Broken Rooms (Saga)","United States",81
"Distant Letters (Edition)","United States",81
"Sapphire Rooms (Blueprint)","United States",81
"Storm Horizons (Chronicles)",Canada,81
"My Beautiful Dark Twisted Fantasy","United States",80
"Wild Paths",Canada,79
"Broken Lights (Reprise)",Canada,78
"Neon Desire (Tales)",Canada,78
"Burning Signals (Soundtrack)",Canada,77
"Distant Reflections (Anthology)","United States",77
"Ocean Rhythms (Sessions)",Canada,77
"Take Care",Canada,77
"Blazing Paths",Canada,76
"Crimson Visions (Reprise)","United States",76
"Distant Letters (Memoirs)",Canada,76
"Midnight Dreams (Archives)","United States",76
Queen,Canada,76
"Sacred Serenade (Reprise)","United States",76
"Silent Horizons","United States",76
"Whisper Waves (Diaries)","United States",76
"Echo Roses (Anthology)","United States",75
"Electric Hearts (Diaries)",Canada,75
"Good Girl Gone Bad","United States",75
"Infinite Paths",Canada,75
"Sacred Rooms (Soundtrack)",Canada,75
"Storm Desire (Diaries)",Canada,75
"Blazing Echoes (Blueprint)",Canada,74
"Blazing Whispers",Canada,74
Elvis,"United States",74
HIStory,Canada,74
"Infinite Reflections (Vol. II)",Canada,74
"Neon Rooms (Diaries)",Canada,74
"Obsidian Rhythms (Chronicles)","United States",74
"Obsidian Serenade (Blueprint)",Canada,74
Proof,"United States",74
"Sacred Paths (Tales)","United States",74
"Storm Rooms (Tales)","United States",74
"Twelve Carat Toothache",Canada,74
"Velvet Horizons (Sessions)","United States",74
"Velvet Visions (Vol. I)","United States",74
"Blazing Voices (Sessions)",Canada,73
"Broken Letters (Reprise)","United States",73
"Broken Lights (Tales)",Canada,73
"Burning Rooms (Anthology)",Canada,73
"Electric Echoes","United States",73
"Frost Souls (Sessions)",Canada,73
"Hidden Confessions (Sessions)","United States",73
Loud,Canada,73
"Nadie Sabe Lo Que Va a Pasar Mañana","United States",73
"Neon Tides (Vol. I)","United States",73
"Radiant Temples (Blueprint)",Canada,73
Red,"United States",73
"Sapphire Whispers (Reprise)",Canada,73
"Velvet Visions (Tales)",Canada,73
"Whisper Signals",Canada,73
Wings,Canada,73
"After Hours",Canada,72
"Ashen Serenade (Archives)","United States",72
"Blazing Echoes (Tales)",Canada,72
"Broken Paths (Verse)",Canada,72
"Electric Paths (Anthology)",Canada,72
"Elvis Is Back!",Canada,72
"Frost Roses (Sessions)",Canada,72
"Frost Roses (Sessions)","United States",72
"Glass Rhythms (Archives)",Canada,72
"Infinite Signals",Canada,72
"Lunar Paths (Tales)","United States",72
"Neon Paths","United States",72
"No.6 Collaborations Project",Canada,72
"Ocean Echoes (Blueprint)",Canada,72
"Ocean Voices (Tales)",Canada,72
"Pink Friday 2",Canada,72
"Radiant Letters (Memoirs)",Canada,72
"Radiant Reflections (Diaries)","United States",72
"Radiant Stories (Verse)","United States",72
"Rubber Soul",Canada,72
"Silent Signals (Tales)",Canada,72
"Silent Tides (Vol. II)",Canada,72
"Silent Waves (Sessions)",Canada,72
"Silent Whispers (Soundtrack)",Canada,72
"Storm Rooms (Vol. I)","United States",72
"Thank Me Later",Canada,72
"Under the Mistletoe",Canada,72
"Velvet Whispers (Anthology)","United States",72
"Whisper Waves (Diaries)",Canada,72
YHLQMDLG,"United States",72
"- (Subtract)","United States",71
"Born Pink",Canada,71
"Broken Lights (Tales)","United States",71
"Crimson Desire (Saga)",Canada,71
"Crimson Rooms (Vol. I)","United States",71
"Fading Hearts (Chronicles)",Canada,71
"Fading Paradise (Blueprint)","United States",71
"Frost Rooms (Chronicles)","United States",71
"Glass Letters (Edition)",Canada,71
"Glass Tides (Archives)",Canada,71
"Infinite Paradise (Verse)",Canada,71
"It Won't Be Soon Before Long",Canada,71
"Midnight Rhythms (Reprise)",Canada,71
"Neon Paradise (Archives)",Canada,71
"Nothing Was the Same",Canada,71
"Ocean Roses (Diaries)",Canada,71
"Radiant Paradise (Blueprint)",Canada,71
"Sapphire Horizons (Chronicles)","United States",71
"Talk That Talk",Canada,71
"This Is Acting",Canada,71
"Velvet Souls (Redux)",Canada,71
"Whisper Reflections (Redux)",Canada,71
"Wild Hearts (Edition)","United States",71
"Ashen Echoes (Vol. I)",Canada,70
"Ashen Souls (Soundtrack)","United States",70
"Broken Desire (Edition)","United States",70
"Broken Paths (Saga)","United States",70
"Echo Shadows",Canada,70
"Fading Rooms (Soundtrack)","United States",70
"Frost Echoes (Vol. I)",Canada,70
Help!,Canada,70
"Hidden Echoes (Redux)","United States",70
"Hidden Whispers (Chronicles)","United States",70
"Hollywood's Bleeding",Canada,70
"Music & Me",Canada,70
"Obsidian Echoes (Soundtrack)","United States",70
"Obsidian Rooms (Chronicles)","United States",70
Revolver,Canada,70
"Sacred Paths (Redux)","United States",70
"Sacred Signals (Saga)",Canada,70
"Blazing Reflections",Canada,69
"Crimson Paths","United States",69
"Crimson Signals (Verse)",Canada,69
"Echo Rhythms (Vol. I)",Canada,69
"Electric Letters (Chronicles)","United States",69
"Frost Letters (Vol. II)",Canada,69
"Glass Horizons (Vol. I)","United States",69
"Hands All Over",Canada,69
"Harry Styles",Canada,69
"Hidden Lights (Archives)",Canada,69
Jose,Canada,69
"Lunar Echoes (Diaries)","United States",69
"Mercury – Act 2","United States",69
"Midnight Tides (Memoirs)",Canada,69
"Moonlit Signals (Memoirs)","United States",69
"Moonlit Temples (Vol. I)","United States",69
"Moonlit Voices (Reprise)",Canada,69
"Neon Desire (Redux)","United States",69
"Neon Paradise (Edition)",Canada,69
"Neon Paths (Tales)","United States",69
"Neon Shadows (Memoirs)",Canada,69
"Obsidian Confessions (Verse)","United States",69
"Obsidian Rhythms (Chronicles)",Canada,69
"Ocean Voices (Sessions)",Canada,69
"Ocean Waves (Blueprint)","United States",69
"Paper Shadows (Verse)",Canada,69
"Radiant Desire (Edition)",Canada,69
"Sapphire Confessions (Tales)",Canada,69
"Sapphire Letters (Vol. I)",Canada,69
"Sapphire Rhythms (Diaries)",Canada,69
"Sapphire Souls (Edition)","United States",69
"Shattered Signals (Diaries)","United States",69
"Silent Desire (Soundtrack)","United States",69
"Teenage Dream",Canada,69
"Teenage Dream","United States",69
"Unorthodox Jukebox","United States",69
Utopia,Canada,69
"Velvet Dreams (Edition)",Canada,69
"Ashen Rhythms (Archives)","United States",68
"Ashen Serenade (Archives)",Canada,68
"Broken Horizons (Soundtrack)","United States",68
"Broken Rooms (Saga)",Canada,68
"Broken Souls (Memoirs)",Canada,68
"Burning Paradise (Vol. I)",Canada,68
"Burning Tides (Vol. I)","United States",68
Chromatica,"United States",68
"Distant Roses (Vol. I)",Canada,68
"Distant Visions (Tales)","United States",68
"Echo Reflections (Anthology)",Canada,68
"Electric Whispers (Chronicles)",Canada,68
"Fading Hearts (Chronicles)","United States",68
"Fading Lights (Vol. I)","United States",68
"Fading Signals (Vol. II)","United States",68
"Frost Echoes (Vol. I)","United States",68
"Frost Voices (Chronicles)",Canada,68
"Golden Roses (Verse)",Canada,68
"Golden Visions",Canada,68
"Happier Than Ever",Canada,68
"Infinite Serenade (Vol. II)",Canada,68
Lizzobangers,Canada,68
"Lunar Shadows (Diaries)",Canada,68
"Moonlit Letters (Verse)",Canada,68
"Neon Shadows (Vol. I)","United States",68
"Obsidian Stories",Canada,68
"Ocean Voices (Sessions)","United States",68
"Paper Roses (Archives)",Canada,68
"Sacred Confessions (Soundtrack)","United States",68
"Sacred Paths (Verse)",Canada,68
"Sapphire Voices (Reprise)","United States",68
"Shattered Dreams (Chronicles)",Canada,68
"Silent Hearts","United States",68
"Silent Rooms (Tales)",Canada,68
"Smoke + Mirrors",Canada,68
"Storm Paths (Vol. II)","United States",68
"Storm Souls (Saga)",Canada,68
"The Fame",Canada,68
Unapologetic,"United States",68
"Velvet Hearts (Archives)",Canada,68
Views,Canada,68
"Wild Horizons (Chronicles)","United States",68
"Wild Stories (Reprise)",Canada,68
1989,"United States",67
"A Hard Day's Night",Canada,67
"Blazing Confessions (Memoirs)","United States",67
"Blazing Rooms (Chronicles)",Canada,67
"Broken Horizons (Soundtrack)",Canada,67
"Burning Confessions (Anthology)","United States",67
"Burning Desire (Soundtrack)",Canada,67
"Burning Hearts (Soundtrack)",Canada,67
"Burning Visions (Archives)","United States",67
"Crimson Temples (Anthology)","United States",67
Dangerous,"United States",67
"Distant Rooms (Memoirs)",Canada,67
"Distant Souls (Blueprint)",Canada,67
"Distant Stories (Vol. II)","United States",67
"Echo Tides (Tales)",Canada,67
"Electric Confessions (Saga)","United States",67
"Electric Roses (Anthology)",Canada,67
"Electric Waves (Archives)",Canada,67
"Fading Souls (Tales)","United States",67
"Frost Letters (Tales)",Canada,67
"Glass Echoes (Verse)","United States",67
"Glass Serenade (Soundtrack)","United States",67
Gloria,Canada,67
"Golden Temples (Archives)",Canada,67
Graduation,Canada,67
"Hidden Letters (Sessions)","United States",67
"Hidden Visions (Anthology)","United States",67
"Hidden Whispers (Chronicles)",Canada,67
Lover,Canada,67
"Lunar Dreams","United States",67
"Lunar Echoes (Sessions)",Canada,67
"Midnight Dreams (Archives)",Canada,67
"Midnight Signals (Reprise)",Canada,67
"Moonlit Signals (Reprise)","United States",67
"Moonlit Stories (Verse)",Canada,67
"Neon Dreams (Diaries)","United States",67
"Neon Letters (Soundtrack)",Canada,67
"Neon Shadows (Reprise)",Canada,67
"Neon Tides (Vol. I)",Canada,67
"Ocean Echoes",Canada,67
"Ocean Signals (Sessions)",Canada,67
"Radiant Letters (Archives)",Canada,67
"Sacred Rooms (Vol. II)",Canada,67
"Sacred Signals (Blueprint)",Canada,67
"Shattered Rooms (Sessions)",Canada,67
"Silent Lights (Edition)","United States",67
"Silent Signals (Chronicles)",Canada,67
"Silent Signals (Tales)","United States",67
Special,"United States",67
"Storm Desire (Archives)",Canada,67
"Under the Mistletoe","United States",67
"Velvet Dreams (Diaries)","United States",67
"Velvet Tides (Vol. I)","United States",67
"Velvet Waves (Archives)",Canada,67
"Wild Hearts (Edition)",Canada,67
Wings,"United States",67
"1000 Forms of Fear",Canada,66
"Ashen Rhythms (Anthology)",Canada,66
"Ashen Souls (Soundtrack)",Canada,66
"Ashen Tides (Verse)","United States",66
"Ashen Whispers (Vol. II)","United States",66
Bad,Canada,66
"Big Grrrl Small World","United States",66
"Broken Rhythms (Edition)",Canada,66
"Burning Visions (Blueprint)",Canada,66
"Burning Whispers (Diaries)",Canada,66
"Crimson Lights (Vol. II)","United States",66
"Crimson Temples (Reprise)",Canada,66
"Distant Dreams (Memoirs)","United States",66
"Distant Voices (Vol. I)","United States",66
"Echo Paradise (Tales)",Canada,66
"Echo Roses (Anthology)",Canada,66
"Echo Waves (Anthology)",Canada,66
"Electric Roses (Vol. II)",Canada,66
"Electric Whispers (Vol. I)","United States",66
Evermore,"United States",66
"Fading Signals (Anthology)","United States",66
Familia,Canada,66
"Frost Horizons (Blueprint)",Canada,66
"Frost Stories (Archives)","United States",66
"Frost Tides",Canada,66
"Golden Waves (Diaries)",Canada,66
"Golden Whispers (Vol. I)",Canada,66
"Hidden Visions (Anthology)",Canada,66
"Infinite Hearts (Vol. II)",Canada,66
"Infinite Paradise (Sessions)",Canada,66
"Infinite Serenade (Blueprint)",Canada,66
"Kiss Land","United States",66
"Lunar Souls (Verse)","United States",66
"Midnight Desire (Anthology)","United States",66
"Midnight Temples (Redux)",Canada,66
"Midnight Temples (Redux)","United States",66
"Midnight Voices (Redux)","United States",66
"Moonlit Roses (Chronicles)","United States",66
"Moonlit Voices (Vol. I)","United States",66
"Moonlit Whispers (Vol. I)","United States",66
"Neon Desire (Blueprint)",Canada,66
"Neon Desire (Blueprint)","United States",66
"Neon Desire (Edition)",Canada,66
"Neon Letters (Soundtrack)","United States",66
"Neon Reflections (Archives)",Canada,66
"Obsidian Hearts (Memoirs)",Canada,66
"Obsidian Tides (Edition)",Canada,66
"Ocean Waves (Blueprint)",Canada,66
"Paper Paradise (Blueprint)","United States",66
"Paper Roses (Archives)","United States",66
"Paper Waves (Tales)",Canada,66
"Radiant Lights (Verse)",Canada,66
"Radiant Reflections",Canada,66
"Radiant Reflections (Verse)",Canada,66
"Radiant Stories (Chronicles)","United States",66
"Radiant Visions (Vol. I)","United States",66
"Sapphire Paths (Saga)",Canada,66
"Shattered Paths (Diaries)",Canada,66
"Shattered Tides (Sessions)","United States",66
"Silent Rooms (Tales)","United States",66
"Storm Dreams (Diaries)","United States",66
"Storm Letters (Reprise)","United States",66
Sweetener,Canada,66
"Taylor Swift",Canada,66
"The Life of Pablo","United States",66
"Twelve Carat Toothache","United States",66
"Velvet Signals (Sessions)",Canada,66
"Velvet Souls (Diaries)","United States",66
Vibras,Canada,66
"Whisper Echoes (Reprise)","United States",66
"Whisper Paradise (Anthology)","United States",66
"Whisper Paths (Redux)","United States",66
"Whisper Temples (Redux)",Canada,66
Amala,"United States",65
"Broken Letters (Soundtrack)","United States",65
"Broken Rooms (Soundtrack)",Canada,65
"Broken Rooms (Tales)",Canada,65
"Broken Serenade (Memoirs)",Canada,65
"Colour the Small One",Canada,65
"Distant Horizons (Tales)","United States",65
"Distant Paths (Edition)",Canada,65
"Distant Rooms (Memoirs)","United States",65
"Distant Serenade (Saga)",Canada,65
"Distant Whispers (Memoirs)",Canada,65
"Echo Confessions (Soundtrack)",Canada,65
"Echo Lights",Canada,65
"Echo Paradise (Edition)","United States",65
"Echo Rooms","United States",65
"Electric Rooms (Soundtrack)",Canada,65
"Electric Shadows (Tales)",Canada,65
Energía,"United States",65
"Fading Letters (Blueprint)","United States",65
"Fading Souls (Vol. I)","United States",65
Fearless,Canada,65
"Frost Rooms (Blueprint)","United States",65
"Frost Stories (Saga)","United States",65
"Frost Voices (Chronicles)","United States",65
"Glass Reflections (Saga)",Canada,65
"Glass Rooms (Soundtrack)",Canada,65
"Golden Paradise (Blueprint)","United States",65
"Golden Paths (Redux)","United States",65
"Hidden Temples (Diaries)",Canada,65
"Hot Pink",Canada,65
"Icarus Falls","United States",65
"Infinite Reflections (Vol. II)","United States",65
"Infinite Roses (Diaries)",Canada,65
Invincible,"United States",65
"Map of the Soul: Persona","United States",65
"Midnight Shadows (Archives)","United States",65
"Midnight Signals (Reprise)","United States",65
"Moonlit Hearts (Soundtrack)","United States",65
"Moonlit Letters (Chronicles)","United States",65
"Moonlit Lights",Canada,65
"Moonlit Voices (Vol. I)",Canada,65
"Moonlit Waves (Reprise)","United States",65
"Music & Me","United States",65
"Neon Hearts (Vol. I)","United States",65
"Neon Rhythms (Memoirs)","United States",65
"Neon Roses (Reprise)","United States",65
"Obsidian Horizons (Verse)",Canada,65
"Ocean Roses (Memoirs)","United States",65
"Paper Souls (Chronicles)","United States",65
"Paper Visions (Vol. II)",Canada,65
"Radiant Voices (Memoirs)",Canada,65
"Sacred Paths (Chronicles)",Canada,65
"Sacred Paths (Tales)",Canada,65
"Sacred Shadows (Redux)",Canada,65
"Sapphire Paradise (Verse)",Canada,65
"Shattered Paradise (Blueprint)",Canada,65
"Shattered Paradise (Edition)",Canada,65
"Shattered Shadows (Verse)",Canada,65
"Shattered Tides (Diaries)","United States",65
"Shawn Mendes",Canada,65
"Silent Hearts",Canada,65
"Silent Rooms (Redux)",Canada,65
"Silent Shadows (Memoirs)",Canada,65
"Square Up",Canada,65
"Storm Paths (Vol. II)",Canada,65
"Storm Serenade (Diaries)","United States",65
"Storm Tides (Vol. I)",Canada,65
"Thank Me Later","United States",65
"Velvet Serenade (Saga)",Canada,65
"Velvet Tides (Diaries)",Canada,65
"We Are Born","United States",65
"Wild Letters (Redux)","United States",65
"Wild Lights (Memoirs)",Canada,65
"Wild Whispers (Tales)","United States",65
"With the Beatles","United States",65
21,"United States",64
"24K Magic","United States",64
"Ashen Lights (Anthology)","United States",64
"Ashen Paradise",Canada,64
"Ashen Shadows (Reprise)",Canada,64
Bad,"United States",64
"Blazing Serenade (Archives)",Canada,64
"Blazing Signals (Anthology)","United States",64
"Blazing Stories (Edition)","United States",64
"Blazing Temples (Sessions)",Canada,64
"Blazing Visions",Canada,64
"Blazing Visions","United States",64
"Broken Rhythms (Diaries)","United States",64
"Broken Serenade (Vol. II)",Canada,64
"Crimson Letters (Verse)",Canada,64
"Crimson Shadows (Saga)","United States",64
Dangerous,Canada,64
"Distant Confessions (Reprise)",Canada,64
"Distant Rooms (Chronicles)",Canada,64
"Distant Visions (Archives)","United States",64
"Echo Tides (Memoirs)","United States",64
"Electric Paradise (Anthology)",Canada,64
"Electric Signals",Canada,64
"Fading Dreams (Blueprint)",Canada,64
"Fading Rooms (Soundtrack)",Canada,64
"Frost Hearts (Saga)","United States",64
"Frost Letters (Vol. II)","United States",64
"Frost Waves (Blueprint)",Canada,64
"Golden Roses (Vol. I)","United States",64
"Good Girl Gone Bad",Canada,64
"Happier Than Ever","United States",64
"Hidden Tides (Tales)","United States",64
"Hidden Visions (Vol. II)","United States",64
Joanne,Canada,64
"Love Goes",Canada,64
"Lunar Shadows (Diaries)","United States",64
"Lunar Signals (Redux)",Canada,64
"Map of the Soul: Persona",Canada,64
"Midnight Hearts (Anthology)","United States",64
"Midnight Horizons (Redux)","United States",64
"Midnight Letters (Soundtrack)",Canada,64
"Midnight Temples (Blueprint)",Canada,64
"Moonlit Desire (Reprise)",Canada,64
"Moonlit Shadows",Canada,64
"Moonlit Signals (Reprise)",Canada,64
"Moonlit Stories (Sessions)","United States",64
"Moonlit Tides (Verse)",Canada,64
"Neon Confessions (Blueprint)",Canada,64
"Neon Paths",Canada,64
"Neon Rooms","United States",64
"Neon Roses (Reprise)",Canada,64
"Obsidian Lights (Archives)",Canada,64
"Obsidian Lights (Verse)",Canada,64
"Obsidian Rooms (Verse)",Canada,64
"Obsidian Stories (Anthology)",Canada,64
"Obsidian Tides (Soundtrack)","United States",64
"Ocean Horizons (Blueprint)",Canada,64
"Ocean Paradise (Tales)",Canada,64
"Ocean Rhythms (Reprise)","United States",64
"Ocean Rooms (Archives)",Canada,64
"Off the Wall","United States",64
OnlySee,Canada,64
"Paper Paradise (Vol. II)","United States",64
Purpose,"United States",64
"Radiant Temples (Blueprint)","United States",64
"Sacred Confessions (Soundtrack)",Canada,64
"Shattered Hearts (Tales)","United States",64
"Shattered Paths (Reprise)","United States",64
"Silent Rhythms (Memoirs)","United States",64
"Silent Souls",Canada,64
"Storm Desire (Archives)","United States",64
"Storm Serenade (Archives)","United States",64
Thriller,"United States",64
"Velvet Roses (Verse)","United States",64
"Velvet Stories (Archives)",Canada,64
"Velvet Tides",Canada,64
Vibras,"United States",64
"When We All Fall Asleep, Where Do We Go?","United States",64
"Whisper Dreams (Vol. II)",Canada,64
"Whisper Echoes (Reprise)",Canada,64
"Whisper Letters (Chronicles)","United States",64
"Whisper Stories (Redux)",Canada,64
"Whisper Temples (Redux)","United States",64
"Wild Paradise (Tales)","United States",64
19,Canada,63
"808s & Heartbreak","United States",63
"Ashen Lights (Reprise)",Canada,63
"Ashen Waves (Archives)",Canada,63
"Blazing Confessions (Reprise)",Canada,63
"Blazing Confessions (Verse)",Canada,63
"Blazing Echoes (Diaries)","United States",63
"Blazing Letters (Diaries)","United States",63
"Blazing Rooms (Chronicles)","United States",63
"Broken Confessions (Archives)","United States",63
"Broken Stories (Soundtrack)",Canada,63
"Broken Temples (Archives)","United States",63
"Broken Temples (Diaries)","United States",63
"Burning Desire (Soundtrack)","United States",63
"Burning Lights","United States",63
"Burning Rhythms (Blueprint)",Canada,63
"Burning Rooms (Anthology)","United States",63
"Burning Stories (Verse)",Canada,63
Camila,"United States",63
"Crimson Paths",Canada,63
"Crimson Reflections","United States",63
"Crimson Shadows (Saga)",Canada,63
"Crimson Signals (Verse)","United States",63
"Crimson Temples (Anthology)",Canada,63
"Crimson Waves (Reprise)",Canada,63
"Cuz I Love You",Canada,63
"Distant Desire (Diaries)",Canada,63
"Distant Reflections (Memoirs)",Canada,63
"Distant Signals (Saga)","United States",63
"Distant Souls (Diaries)","United States",63
"Echo Dreams (Blueprint)",Canada,63
"Echo Lights","United States",63
"Echo Waves (Blueprint)",Canada,63
"Electric Echoes (Soundtrack)",Canada,63
"Electric Stories (Diaries)",Canada,63
"Elvis Is Back!","United States",63
Energía,Canada,63
"Fading Dreams (Blueprint)","United States",63
"Fading Paradise (Blueprint)",Canada,63
"Fading Whispers (Anthology)","United States",63
"Frost Paths (Saga)","United States",63
"Frost Tides (Saga)",Canada,63
"Frost Tides (Soundtrack)",Canada,63
"Glass Reflections (Edition)",Canada,63
"Golden Letters (Anthology)","United States",63
"Golden Lights (Anthology)","United States",63
"Golden Rhythms (Tales)",Canada,63
"Golden Shadows (Sessions)","United States",63
"Got to Be There","United States",63
"Hidden Confessions (Redux)","United States",63
"Hidden Letters (Reprise)",Canada,63
"Hidden Temples (Diaries)","United States",63
"Hidden Visions (Vol. II)",Canada,63
"Hit Me Hard and Soft",Canada,63
"Kill This Love","United States",63
"Lunar Paths (Tales)",Canada,63
"Lunar Souls (Edition)",Canada,63
"Lunar Temples (Vol. I)",Canada,63
"Lunar Voices (Saga)",Canada,63
"Mercury – Act 1",Canada,63
"Midnight Stories (Soundtrack)",Canada,63
"Moonlit Signals (Memoirs)",Canada,63
"Moonlit Signals (Tales)","United States",63
"Moonlit Souls (Blueprint)",Canada,63
"Moonlit Stories (Tales)",Canada,63
"Neon Paths (Vol. I)","United States",63
"Neon Temples (Archives)",Canada,63
"Obsidian Desire (Memoirs)",Canada,63
"Obsidian Paths (Tales)",Canada,63
"Obsidian Reflections (Diaries)","United States",63
"Obsidian Serenade (Blueprint)","United States",63
"Obsidian Temples (Vol. I)",Canada,63
"One of the Boys",Canada,63
Origins,Canada,63
"Paper Horizons (Reprise)",Canada,63
"Paper Reflections (Reprise)","United States",63
"Paper Tides (Archives)",Canada,63
"Paper Voices (Blueprint)",Canada,63
"Pink Friday: Roman Reloaded",Canada,63
"Planet Her",Canada,63
Prism,"United States",63
Purpose,Canada,63
"Radiant Confessions (Saga)",Canada,63
"Radiant Rhythms (Soundtrack)",Canada,63
"Red Pill Blues",Canada,63
"Sacred Confessions (Archives)",Canada,63
"Sacred Dreams (Verse)",Canada,63
"Sacred Hearts (Memoirs)",Canada,63
"Sapphire Letters (Vol. I)","United States",63
"Shawn Mendes","United States",63
"Silent Paths (Redux)",Canada,63
"Silent Rhythms (Memoirs)",Canada,63
SOUR,Canada,63
Stoney,Canada,63
Stoney,"United States",63
"Storm Paths (Reprise)","United States",63
"Whisper Echoes (Chronicles)",Canada,63
"Wild Letters (Edition)","United States",63
Wonder,"United States",63
"- (Subtract)",Canada,62
"Ashen Desire (Saga)","United States",62
"Ashen Hearts (Blueprint)","United States",62
"Ashen Letters (Blueprint)","United States",62
"Ashen Serenade (Soundtrack)",Canada,62
"Ashen Visions (Edition)","United States",62
Austin,Canada,62
"Blazing Confessions (Anthology)",Canada,62
"Blazing Confessions (Anthology)","United States",62
"Blazing Confessions (Redux)",Canada,62
"Blazing Serenade (Edition)",Canada,62
"Blazing Serenade (Edition)","United States",62
"Blazing Signals (Sessions)",Canada,62
"Blazing Tides (Anthology)","United States",62
"Broken Letters (Memoirs)",Canada,62
"Broken Paths (Verse)","United States",62
"Broken Temples (Diaries)",Canada,62
"Broken Voices (Archives)",Canada,62
"Burning Horizons (Tales)","United States",62
"Burning Rhythms (Soundtrack)",Canada,62
"Burning Waves (Memoirs)","United States",62
Colores,Canada,62
"Crimson Letters (Verse)","United States",62
"Crimson Lights (Blueprint)",Canada,62
"Crimson Temples (Reprise)","United States",62
"Distant Horizons (Tales)",Canada,62
"Distant Rooms (Chronicles)","United States",62
"Echo Paradise (Saga)","United States",62
"Echo Tides (Tales)","United States",62
"Echo Whispers (Reprise)",Canada,62
"Electric Letters (Saga)",Canada,62
"Electric Rooms",Canada,62
"Electric Rooms (Soundtrack)","United States",62
"Elvis' Christmas Album","United States",62
Evermore,Canada,62
"Fading Tides (Blueprint)","United States",62
Fearless,"United States",62
"Fine Line","United States",62
Folklore,Canada,62
"Forever, Michael","United States",62
"Frost Dreams (Soundtrack)",Canada,62
"Glass Reflections (Edition)","United States",62
"Glass Signals",Canada,62
"Glass Waves (Vol. I)",Canada,62
"Golden Hearts (Redux)",Canada,62
"Golden Whispers (Soundtrack)",Canada,62
GUTS,Canada,62
"Hidden Dreams (Vol. II)","United States",62
"Hidden Paradise (Soundtrack)",Canada,62
"Hidden Temples (Memoirs)",Canada,62
"Hidden Waves (Saga)",Canada,62
"Infinite Serenade (Vol. I)",Canada,62
"Infinite Serenade (Vol. II)","United States",62
"Infinite Shadows (Verse)",Canada,62
"Infinite Signals (Tales)","United States",62
"La Familia",Canada,62
"Lunar Echoes (Diaries)",Canada,62
"Lunar Paths (Redux)","United States",62
"Lunar Signals (Vol. II)",Canada,62
"Lunar Stories (Edition)",Canada,62
"Lunar Temples (Tales)",Canada,62
"Map of the Soul: 7","United States",62
"Midnight Dreams (Vol. I)",Canada,62
"Moonlit Horizons (Memoirs)",Canada,62
"Moonlit Stories (Blueprint)",Canada,62
"Neon Rhythms (Memoirs)",Canada,62
"Neon Rooms (Edition)",Canada,62
"Obsidian Desire (Reprise)",Canada,62
"Obsidian Temples (Redux)",Canada,62
"Ocean Echoes (Edition)",Canada,62
"Ocean Tides (Anthology)","United States",62
"One of the Boys","United States",62
"Paper Serenade (Saga)","United States",62
"Paper Shadows (Verse)","United States",62
"Paper Stories (Archives)","United States",62
"Paper Waves (Saga)","United States",62
"Pink Friday: Roman Reloaded","United States",62
"Radiant Hearts (Reprise)",Canada,62
"Radiant Lights (Chronicles)",Canada,62
"Radiant Souls (Edition)","United States",62
"Rated R","United States",62
"Room Under the Stairs","United States",62
"Sacred Lights (Chronicles)",Canada,62
"Sacred Rooms (Soundtrack)","United States",62
"Sacred Serenade (Reprise)",Canada,62
"Sacred Tides (Vol. II)","United States",62
"Sapphire Paradise (Soundtrack)",Canada,62
"Sapphire Paths (Memoirs)","United States",62
"Shattered Temples (Blueprint)","United States",62
"Shattered Voices (Vol. I)","United States",62
"Silent Horizons (Chronicles)","United States",62
"Silent Reflections (Archives)","United States",62
"Silent Waves (Redux)","United States",62
Starboy,Canada,62
"Storm Hearts (Saga)",Canada,62
"Storm Horizons (Chronicles)","United States",62
"Storm Serenade (Diaries)",Canada,62
"Storm Shadows (Chronicles)","United States",62
"The Album",Canada,62
"The College Dropout","United States",62
"The Fame","United States",62
"Velvet Dreams (Diaries)",Canada,62
"Velvet Roses (Blueprint)","United States",62
"Velvet Serenade (Anthology)","United States",62
"Velvet Souls (Redux)","United States",62
"Whisper Paradise (Anthology)",Canada,62
"Whisper Reflections",Canada,62
"Whisper Shadows","United States",62
"Wild Paradise (Edition)","United States",62
"Wild Paradise (Tales)",Canada,62
"Wild Temples (Edition)",Canada,62
Amala,Canada,61
"An Evening with Silk Sonic","United States",61
ANTI,"United States",61
"Ashen Letters (Diaries)","United States",61
"Ashen Tides (Reprise)","United States",61
"Blazing Desire (Sessions)","United States",61
"Blazing Temples (Sessions)","United States",61
"Blazing Voices (Edition)","United States",61
"Broken Shadows (Edition)","United States",61
"Burning Hearts (Vol. II)",Canada,61
"Burning Paradise (Vol. I)","United States",61
"Burning Rooms (Blueprint)","United States",61
"Burning Tides (Vol. I)",Canada,61
"Crimson Letters (Chronicles)","United States",61
"Distant Confessions (Verse)","United States",61
"Distant Rhythms (Anthology)",Canada,61
"Distant Rhythms (Anthology)","United States",61
"Electric Dreams",Canada,61
"Electric Letters (Chronicles)",Canada,61
"Electric Paradise (Archives)","United States",61
"Elvis Presley",Canada,61
"Fading Rooms (Verse)",Canada,61
"Glass Serenade (Soundtrack)",Canada,61
"Glass Visions (Saga)",Canada,61
"Golden Desire (Tales)","United States",61
"Golden Lights (Anthology)",Canada,61
"Golden Reflections (Archives)",Canada,61
"Golden Signals (Blueprint)","United States",61
"Golden Souls (Saga)","United States",61
"Golden Waves (Diaries)","United States",61
"Golden Waves (Edition)","United States",61
"Hidden Letters (Sessions)",Canada,61
"Hidden Rooms (Archives)","United States",61
"Hidden Shadows (Memoirs)",Canada,61
"Hidden Souls (Tales)",Canada,61
"Hidden Temples (Memoirs)","United States",61
"Hidden Tides (Tales)",Canada,61
HIStory,"United States",61
"Infinite Paradise (Sessions)","United States",61
"Infinite Serenade (Vol. I)","United States",61
"Infinite Visions (Saga)","United States",61
Lizzobangers,"United States",61
"Love Yourself: Answer","United States",61
"Lunar Hearts (Soundtrack)","United States",61
"Lunar Roses (Archives)","United States",61
"Lunar Voices (Saga)","United States",61
"Midnight Dreams (Vol. II)","United States",61
"Midnight Hearts (Anthology)",Canada,61
"Midnight Reflections (Vol. I)","United States",61
"Midnight Signals (Diaries)",Canada,61
"Mind of Mine",Canada,61
"Music of the Sun",Canada,61
"My Beautiful Dark Twisted Fantasy",Canada,61
"My World 2.0","United States",61
"Neon Rhythms (Diaries)",Canada,61
"Night Visions","United States",61
"Obsidian Confessions (Verse)",Canada,61
"Obsidian Hearts (Memoirs)","United States",61
"Obsidian Lights (Archives)","United States",61
"Obsidian Paradise (Edition)",Canada,61
"Obsidian Temples (Redux)","United States",61
"Obsidian Tides (Edition)","United States",61
"Ocean Echoes (Redux)",Canada,61
"Ocean Echoes (Tales)",Canada,61
"Off the Wall",Canada,61
"Paper Echoes (Sessions)","United States",61
"Paper Tides (Memoirs)","United States",61
Proof,Canada,61
"Radiant Echoes (Vol. II)","United States",61
"Radiant Letters (Memoirs)","United States",61
"Radiant Serenade","United States",61
"Reasonable Woman",Canada,61
Romance,"United States",61
"Sacred Horizons (Sessions)",Canada,61
"Sacred Lights (Chronicles)","United States",61
"Sacred Paths (Chronicles)","United States",61
"Sacred Paths (Redux)",Canada,61
"Sacred Roses (Chronicles)","United States",61
"Sacred Stories (Tales)",Canada,61
"Sacred Whispers (Reprise)",Canada,61
"Sapphire Desire","United States",61
"Sapphire Rhythms (Saga)",Canada,61
"Sapphire Whispers (Redux)","United States",61
"Sgt. Pepper's Lonely Hearts Club Band",Canada,61
"Shattered Horizons (Redux)","United States",61
"Shattered Lights (Reprise)",Canada,61
"Silent Rooms (Reprise)","United States",61
"Something for Everybody","United States",61
"Speak Now",Canada,61
Starboy,"United States",61
"Storm Echoes (Sessions)",Canada,61
"This Is Acting","United States",61
"Velvet Dreams (Vol. II)","United States",61
"Velvet Roses (Blueprint)",Canada,61
"Velvet Signals (Sessions)","United States",61
"Velvet Stories (Archives)","United States",61
"Velvet Waves (Anthology)",Canada,61
"Whisper Rooms (Tales)","United States",61
"Whisper Tides (Chronicles)",Canada,61
"Wild Serenade (Saga)","United States",61
"Wild Whispers (Soundtrack)","United States",61
Wonder,Canada,61
YHLQMDLG,Canada,61
"24K Magic",Canada,60
30,Canada,60
Artpop,"United States",60
"Ashen Desire (Redux)",Canada,60
"Ashen Letters (Redux)",Canada,60
"Ashen Letters (Redux)","United States",60
"Ashen Tides (Tales)","United States",60
"Ashen Whispers (Vol. II)",Canada,60
Astroworld,Canada,60
BE,Canada,60
"Blazing Confessions (Verse)","United States",60
"Blazing Dreams (Edition)",Canada,60
"Blazing Serenade (Archives)","United States",60
"Born Pink","United States",60
"Born This Way",Canada,60
"Broken Desire (Edition)",Canada,60
"Broken Paths (Saga)",Canada,60
"Broken Rooms (Blueprint)","United States",60
"Broken Serenade (Vol. II)","United States",60
"Burning Horizons (Tales)",Canada,60
"Burning Temples (Chronicles)",Canada,60
"Burning Waves (Verse)","United States",60
Camila,Canada,60
Chromatica,Canada,60
"Crimson Letters (Redux)",Canada,60
"Crimson Waves (Tales)",Canada,60
"Dark & Wild","United States",60
"Dawn FM","United States",60
"Distant Paradise (Vol. I)","United States",60
"Distant Roses (Vol. I)","United States",60
"Distant Stories (Memoirs)",Canada,60
"Distant Tides (Tales)",Canada,60
"Distant Voices (Vol. I)",Canada,60
"Distant Waves (Anthology)",Canada,60
Donda,Canada,60
Donda,"United States",60
"Echo Reflections (Anthology)","United States",60
"Echo Roses (Chronicles)",Canada,60
"Echo Roses (Chronicles)","United States",60
"Echo Voices (Soundtrack)",Canada,60
"Electric Desire (Saga)","United States",60
"Electric Horizons (Redux)",Canada,60
"Electric Temples","United States",60
"Eternal Sunshine",Canada,60
Evolve,Canada,60
"Fading Lights (Vol. II)",Canada,60
"Fading Rooms (Vol. I)","United States",60
"Frost Desire (Verse)",Canada,60
"Frost Hearts (Archives)",Canada,60
"Frost Rooms (Chronicles)",Canada,60
"Frost Signals (Memoirs)",Canada,60
"Frost Stories (Saga)",Canada,60
Gloria,"United States",60
"Golden Letters (Edition)","United States",60
"Harry's House",Canada,60
"Healing Is Difficult","United States",60
"Hidden Echoes (Redux)",Canada,60
"Hidden Shadows (Memoirs)","United States",60
"Hidden Stories (Edition)",Canada,60
"Hidden Voices (Redux)",Canada,60
"In the Lonely Hour","United States",60
"Infinite Waves (Archives)","United States",60
Invincible,Canada,60
Justice,Canada,60
"Kiss Land",Canada,60
"Lunar Dreams",Canada,60
"Lunar Lights (Anthology)",Canada,60
"Lunar Paradise (Edition)",Canada,60
"Lunar Paths","United States",60
"Midnight Letters (Soundtrack)","United States",60
"Midnight Stories (Vol. I)",Canada,60
"Moonlit Letters (Verse)","United States",60
"Moonlit Paradise (Memoirs)","United States",60
"Moonlit Signals (Tales)",Canada,60
"Neon Rooms",Canada,60
"No.6 Collaborations Project","United States",60
"Obsidian Paths (Tales)","United States",60
"Obsidian Shadows (Edition)","United States",60
"Obsidian Shadows (Verse)",Canada,60
"Obsidian Stories (Anthology)","United States",60
"Obsidian Temples (Vol. I)","United States",60
Overexposed,Canada,60
"Paper Paradise","United States",60
"Paper Paradise (Blueprint)",Canada,60
"Paper Paradise (Vol. I)",Canada,60
"Paper Stories (Tales)","United States",60
"Paper Temples (Saga)","United States",60
"Radiant Lights (Chronicles)","United States",60
"Radiant Shadows (Tales)",Canada,60
"Radiant Signals (Memoirs)",Canada,60
"Radiant Signals (Memoirs)","United States",60
"Radiant Visions (Vol. I)",Canada,60
"Radiant Voices (Memoirs)","United States",60
Rare,Canada,60
Rare,"United States",60
Red,Canada,60
Revival,"United States",60
Rodeo,"United States",60
"Room Under the Stairs",Canada,60
"Sacred Paths (Verse)","United States",60
"Sacred Shadows (Redux)","United States",60
"Sacred Tides","United States",60
"Sacred Whispers (Verse)","United States",60
"Sapphire Paradise (Verse)","United States",60
"Shattered Dreams (Archives)",Canada,60
"Silent Confessions (Anthology)","United States",60
"Silent Horizons (Chronicles)",Canada,60
"Silent Paths (Archives)","United States",60
"Silent Paths (Vol. II)","United States",60
"Silent Souls","United States",60
"The Fame Monster",Canada,60
"Velvet Reflections","United States",60
"Velvet Rooms (Tales)",Canada,60
"Velvet Waves",Canada,60
"Velvet Waves","United States",60
"Velvet Waves (Diaries)",Canada,60
"Velvet Waves (Diaries)","United States",60
"Whisper Hearts (Vol. II)","United States",60
"Wild Echoes (Vol. II)",Canada,60
"Wild Echoes (Vol. II)","United States",60
"Wild Horizons (Chronicles)",Canada,60
"Wild Paradise (Reprise)",Canada,60
"Wild Roses (Archives)",Canada,60
"Wild Roses (Archives)","United States",60
"Wild Souls (Anthology)",Canada,60
"÷ (Divide)",Canada,59
19,"United States",59
25,Canada,59
"Ashen Letters (Diaries)",Canada,59
BE,"United States",59
"Beauty Behind the Madness","United States",59
"Blazing Roses (Anthology)","United States",59
"Broken Echoes (Redux)","United States",59
"Broken Voices (Soundtrack)","United States",59
"Broken Whispers (Chronicles)","United States",59
"Burning Desire (Diaries)",Canada,59
"Burning Lights",Canada,59
"Burning Signals (Blueprint)","United States",59
"Burning Voices",Canada,59
Changes,"United States",59
Colores,"United States",59
"Crimson Desire (Vol. II)",Canada,59
"Crimson Rooms (Vol. I)",Canada,59
"Crimson Serenade (Tales)","United States",59
"Crimson Serenade (Verse)",Canada,59
"Crimson Whispers (Verse)",Canada,59
"Distant Dreams (Redux)",Canada,59
"Distant Reflections (Memoirs)","United States",59
"Distant Serenade (Vol. I)","United States",59
"Distant Signals (Saga)",Canada,59
"Echo Serenade (Saga)","United States",59
"Echo Tides (Memoirs)",Canada,59
"Electric Temples",Canada,59
"Elvis' Christmas Album",Canada,59
"Fading Echoes (Memoirs)",Canada,59
"Fading Roses (Diaries)",Canada,59
"Fading Stories (Verse)","United States",59
"Fading Tides (Verse)","United States",59
"Fine Line",Canada,59
"Forever, Michael",Canada,59
"Frost Dreams",Canada,59
"Frost Dreams (Saga)",Canada,59
"Frost Horizons (Blueprint)","United States",59
"Frost Visions (Diaries)",Canada,59
"Glass Hearts (Verse)",Canada,59
"Glass Horizons (Vol. I)",Canada,59
"Glass Rhythms (Archives)","United States",59
"Glass Shadows (Redux)","United States",59
"Glass Signals","United States",59
"Golden Rooms (Reprise)","United States",59
"Golden Roses (Verse)","United States",59
"Golden Tides (Archives)",Canada,59
Handwritten,"United States",59
"Hidden Lights (Archives)","United States",59
"Hidden Reflections (Blueprint)",Canada,59
"Hidden Shadows (Archives)",Canada,59
"Hidden Visions (Vol. I)",Canada,59
"Infinite Confessions (Tales)","United States",59
"Infinite Echoes",Canada,59
"Infinite Echoes (Chronicles)","United States",59
"Infinite Waves (Chronicles)",Canada,59
"Jesus Is King","United States",59
Jordi,"United States",59
"Kill This Love",Canada,59
"Love Yourself: Tear","United States",59
Lover,"United States",59
"Loving You",Canada,59
"Lunar Desire (Reprise)",Canada,59
"Lunar Souls (Edition)","United States",59
"Midnight Dreams (Soundtrack)",Canada,59
"Midnight Paths (Archives)",Canada,59
"Midnight Shadows (Chronicles)","United States",59
"Midnight Stories (Soundtrack)","United States",59
"Midnight Voices (Redux)",Canada,59
"Moonlit Lights","United States",59
"Moonlit Whispers (Redux)",Canada,59
"Neon Hearts (Vol. I)",Canada,59
"Neon Lights (Verse)",Canada,59
"Neon Whispers (Reprise)",Canada,59
"Obsidian Paths (Anthology)",Canada,59
"Obsidian Paths (Memoirs)",Canada,59
"Obsidian Shadows (Edition)",Canada,59
"Obsidian Shadows (Redux)",Canada,59
"Obsidian Temples (Anthology)","United States",59
"Ocean Rhythms (Sessions)","United States",59
"Ocean Rooms (Reprise)","United States",59
"Ocean Roses (Reprise)","United States",59
"Ocean Visions (Saga)","United States",59
"Paper Confessions (Soundtrack)",Canada,59
"Paper Paradise",Canada,59
"Please Please Me",Canada,59
Positions,"United States",59
"Radiant Paradise (Archives)",Canada,59
"Radiant Paradise (Blueprint)","United States",59
"Radiant Whispers (Blueprint)",Canada,59
"Radiant Whispers (Memoirs)","United States",59
Reputation,Canada,59
Rodeo,Canada,59
"Sacred Lights (Saga)",Canada,59
"Sacred Lights (Verse)",Canada,59
"Sacred Lights (Verse)","United States",59
"Sacred Paths (Edition)","United States",59
"Sapphire Confessions (Tales)","United States",59
"Sapphire Desire",Canada,59
"Sapphire Paths (Edition)","United States",59
"Sapphire Paths (Saga)","United States",59
"Shattered Hearts (Tales)",Canada,59
"Shattered Letters (Soundtrack)",Canada,59
"Shattered Paradise (Blueprint)","United States",59
"Shattered Tides (Diaries)",Canada,59
"Shattered Tides (Memoirs)",Canada,59
"Shattered Whispers (Reprise)",Canada,59
"Silent Confessions (Edition)","United States",59
"Silent Paths (Vol. II)",Canada,59
"Silent Serenade (Memoirs)",Canada,59
"Silent Temples (Tales)",Canada,59
"Stars Dance",Canada,59
"Storm Echoes (Sessions)","United States",59
V,Canada,59
"Velvet Dreams (Vol. II)",Canada,59
"Velvet Roses (Verse)",Canada,59
"Velvet Serenade (Anthology)",Canada,59
"Velvet Tides (Verse)",Canada,59
"Velvet Visions (Tales)","United States",59
"Whisper Lights (Memoirs)","United States",59
"Whisper Reflections (Redux)","United States",59
"Whisper Shadows",Canada,59
"Wild Rhythms",Canada,59
"Wild Signals (Anthology)",Canada,59
"Wild Tides (Sessions)",Canada,59
"Wild Tides (Vol. II)","United States",59
"You Never Walk Alone",Canada,59
"× (Multiply)",Canada,58
"× (Multiply)","United States",58
"Ashen Paradise","United States",58
"Ashen Rooms (Redux)",Canada,58
"Ashen Rooms (Saga)",Canada,58
"Ashen Shadows (Reprise)","United States",58
"Ashen Signals (Saga)",Canada,58
"Ashen Visions (Edition)",Canada,58
"Big Grrrl Small World",Canada,58
"Blazing Confessions (Reprise)","United States",58
"Blazing Reflections","United States",58
"Broken Hearts (Chronicles)",Canada,58
"Broken Roses (Reprise)",Canada,58
"Broken Roses (Reprise)","United States",58
"Broken Voices (Archives)","United States",58
"Burning Confessions (Anthology)",Canada,58
"Burning Confessions (Edition)",Canada,58
"Burning Stories (Verse)","United States",58
"Burning Waves (Memoirs)",Canada,58
"Colour the Small One","United States",58
"Crimson Desire (Saga)","United States",58
"Distant Signals",Canada,58
"Distant Voices (Anthology)","United States",58
"Echo Echoes (Vol. I)","United States",58
"Echo Rhythms (Vol. I)","United States",58
"Echo Whispers (Reprise)","United States",58
"Electric Horizons (Archives)",Canada,58
"Electric Paradise (Archives)",Canada,58
"Fading Letters (Saga)","United States",58
"Fading Paradise (Verse)",Canada,58
"Fading Rooms (Sessions)",Canada,58
"Fading Rooms (Verse)","United States",58
"Fading Signals (Anthology)",Canada,58
"Fading Whispers (Anthology)",Canada,58
"Frost Serenade (Anthology)",Canada,58
"Frost Serenade (Redux)","United States",58
"Glass Echoes (Verse)",Canada,58
"Glass Paths (Sessions)","United States",58
"Glass Shadows (Redux)",Canada,58
"Golden Echoes (Blueprint)",Canada,58
"Golden Souls (Saga)",Canada,58
"Healing Is Difficult",Canada,58
"Hidden Lights (Verse)","United States",58
"Hidden Rooms (Archives)",Canada,58
"Hidden Shadows (Archives)","United States",58
"Hidden Whispers (Redux)","United States",58
"In the Lonely Hour",Canada,58
"Infinite Rhythms (Vol. II)",Canada,58
"Infinite Serenade (Diaries)",Canada,58
"Infinite Voices (Sessions)","United States",58
"Katy Hudson",Canada,58
"Lunar Letters (Soundtrack)",Canada,58
"Lunar Whispers",Canada,58
"Midnight Dreams (Vol. I)","United States",58
"Midnight Reflections (Archives)","United States",58
"Midnight Shadows (Chronicles)",Canada,58
"Midnight Tides (Memoirs)","United States",58
"Moonlit Hearts (Soundtrack)",Canada,58
"Moonlit Horizons (Vol. II)","United States",58
"Moonlit Roses (Chronicles)",Canada,58
"Moonlit Shadows","United States",58
"Moonlit Stories (Blueprint)","United States",58
"Music and Motion Picture",Canada,58
"My Everything","United States",58
"Neon Desire (Vol. II)",Canada,58
"Neon Dreams (Diaries)",Canada,58
"Neon Hearts","United States",58
"Neon Lights (Verse)","United States",58
"Obsidian Horizons (Verse)","United States",58
"Obsidian Stories (Edition)",Canada,58
"Obsidian Waves (Archives)",Canada,58
"Obsidian Whispers (Vol. II)",Canada,58
"Ocean Rooms (Reprise)",Canada,58
"Ocean Roses (Reprise)",Canada,58
"Ocean Signals (Verse)","United States",58
"Ocean Temples (Chronicles)","United States",58
"Ocean Temples (Reprise)","United States",58
OnlySee,"United States",58
"Paper Paradise (Vol. I)","United States",58
"Paper Serenade (Vol. II)",Canada,58
"Radiant Echoes (Vol. II)",Canada,58
"Rubber Soul","United States",58
"Sacred Confessions (Redux)","United States",58
"Sacred Paths (Blueprint)","United States",58
"Sacred Paths (Edition)",Canada,58
"Sacred Reflections (Vol. II)",Canada,58
"Sacred Reflections (Vol. II)","United States",58
"Sacred Roses (Vol. II)",Canada,58
"Sacred Temples",Canada,58
"Sacred Temples","United States",58
"Sapphire Paths (Vol. II)",Canada,58
"Sapphire Shadows (Vol. II)","United States",58
"Sapphire Tides (Verse)","United States",58
"Shattered Dreams (Chronicles)","United States",58
"Shattered Signals (Vol. I)",Canada,58
"Silent Horizons (Memoirs)",Canada,58
"Silent Horizons (Memoirs)","United States",58
"Silent Rooms (Reprise)",Canada,58
"Silent Serenade (Reprise)","United States",58
Smile,Canada,58
"Smoke + Mirrors","United States",58
"Storm Temples (Redux)",Canada,58
Sweetener,"United States",58
"The Fame Monster","United States",58
"Velvet Whispers (Anthology)",Canada,58
"Whisper Confessions (Archives)",Canada,58
"Whisper Confessions (Archives)","United States",58
"Whisper Hearts (Vol. II)",Canada,58
"Wild Paradise (Archives)",Canada,58
"Wild Paradise (Edition)",Canada,58
"Wild Paradise (Reprise)","United States",58
"Wild Shadows (Chronicles)",Canada,58
"Wild Tides (Vol. II)",Canada,58
"Wild Whispers (Tales)",Canada,58
"Yours Truly","United States",58
Artpop,Canada,57
"Ashen Souls (Vol. I)","United States",57
"Ashen Temples (Diaries)",Canada,57
"Autumn Variations","United States",57
"Blazing Echoes (Diaries)",Canada,57
"Blazing Signals (Anthology)",Canada,57
"Blazing Stories (Edition)",Canada,57
"Broken Lights (Verse)","United States",57
"Broken Serenade (Memoirs)","United States",57
"Broken Souls (Anthology)","United States",57
"Burning Lights (Verse)",Canada,57
"Burning Rooms",Canada,57
"Burning Temples (Vol. II)","United States",57
"Crimson Desire (Chronicles)","United States",57
"Crimson Rooms (Memoirs)",Canada,57
"Crimson Souls (Sessions)",Canada,57
"Crimson Visions (Reprise)",Canada,57
"Distant Letters (Memoirs)","United States",57
"Distant Paths (Saga)","United States",57
"Distant Rooms (Blueprint)","United States",57
"Distant Roses","United States",57
"Distant Serenade (Saga)","United States",57
"Distant Stories (Memoirs)","United States",57
"Distant Visions (Tales)",Canada,57
"Distant Voices (Anthology)",Canada,57
"Echo Stories (Archives)",Canada,57
"Electric Horizons (Archives)","United States",57
"Electric Horizons (Memoirs)",Canada,57
"Electric Roses (Reprise)","United States",57
"Electric Voices (Reprise)",Canada,57
Evolve,"United States",57
"Fading Desire (Reprise)",Canada,57
"Fading Lights (Vol. I)",Canada,57
"Fading Rhythms (Soundtrack)","United States",57
"Fading Serenade (Soundtrack)",Canada,57
"Fading Stories",Canada,57
"Fading Stories","United States",57
"Frost Dreams (Saga)","United States",57
"Frost Shadows (Redux)",Canada,57
"Frost Visions (Vol. II)",Canada,57
"Glass Dreams (Redux)",Canada,57
"Glass Paths (Sessions)",Canada,57
"Glass Waves (Reprise)",Canada,57
"Golden Echoes (Blueprint)","United States",57
"Golden Paths (Redux)",Canada,57
"Golden Roses (Vol. I)",Canada,57
"Hidden Reflections","United States",57
"Hidden Visions (Memoirs)","United States",57
"Hit Me Hard and Soft","United States",57
"Hot Pink","United States",57
"If You're Reading This It's Too Late",Canada,57
"Infinite Confessions (Tales)",Canada,57
"Infinite Letters (Verse)",Canada,57
"Infinite Paths (Blueprint)",Canada,57
"Late Registration",Canada,57
"Love Yourself: Her",Canada,57
"Lunar Horizons (Vol. I)","United States",57
"Lunar Paths (Redux)",Canada,57
"Midnight Paths (Archives)","United States",57
"Midnight Reflections (Chronicles)",Canada,57
"Midnight Reflections (Chronicles)","United States",57
"Midnight Temples (Chronicles)",Canada,57
"Midnight Whispers (Tales)",Canada,57
"Mind of Mine","United States",57
"Moonlit Letters (Chronicles)",Canada,57
"Moonlit Roses (Blueprint)","United States",57
"Moonlit Waves (Archives)",Canada,57
"Music and Motion Picture","United States",57
"Neon Confessions (Memoirs)","United States",57
"Neon Confessions (Soundtrack)",Canada,57
"Neon Desire (Vol. II)","United States",57
"Neon Reflections (Diaries)",Canada,57
"Neon Rooms (Redux)",Canada,57
"Neon Tides (Diaries)","United States",57
"Neon Visions (Verse)",Canada,57
"Neon Voices (Vol. II)",Canada,57
"Neon Waves (Tales)",Canada,57
"Neon Whispers (Reprise)","United States",57
"Obsidian Desire (Redux)",Canada,57
"Ocean Echoes (Redux)","United States",57
"Ocean Letters (Verse)","United States",57
"Ocean Reflections (Vol. I)",Canada,57
"Ocean Voices (Blueprint)","United States",57
Origins,"United States",57
"Paper Souls (Chronicles)",Canada,57
"Paper Tides (Archives)","United States",57
"Paper Waves (Saga)",Canada,57
"Paper Waves (Tales)","United States",57
"Radiant Letters (Archives)","United States",57
"Radiant Lights (Sessions)","United States",57
"Radiant Reflections (Verse)","United States",57
"Radiant Serenade (Tales)",Canada,57
"Radiant Souls (Edition)",Canada,57
"Radiant Whispers (Blueprint)","United States",57
"Sacred Roses (Archives)",Canada,57
"Sacred Whispers (Reprise)","United States",57
"Sapphire Letters (Verse)",Canada,57
"Sapphire Lights (Verse)",Canada,57
"Sapphire Paths (Edition)",Canada,57
"Sapphire Waves (Saga)",Canada,57
"Shattered Lights (Reprise)","United States",57
"Shattered Paths (Diaries)","United States",57
"Shattered Reflections (Diaries)",Canada,57
"Shattered Shadows",Canada,57
"Shattered Signals (Diaries)",Canada,57
"Shattered Tides (Memoirs)","United States",57
"Shattered Voices (Soundtrack)","United States",57
"Silent Confessions (Anthology)",Canada,57
"Silent Horizons",Canada,57
"Silent Rooms (Redux)","United States",57
"Silent Serenade (Memoirs)","United States",57
"Silent Shadows (Memoirs)","United States",57
"Storm Hearts (Saga)","United States",57
"Storm Temples (Redux)","United States",57
"Taylor Swift","United States",57
"Thank U, Next",Canada,57
"The Beatles (White Album) (10)** *",Canada,57
"Velvet Waves (Anthology)","United States",57
"Whisper Letters (Chronicles)",Canada,57
"Whisper Rooms (Tales)",Canada,57
"Whisper Tides","United States",57
"Wild Hearts (Chronicles)",Canada,57
"Wild Letters (Edition)",Canada,57
"Wild Letters (Redux)",Canada,57
"Wild Serenade (Saga)",Canada,57
"Wild Tides (Blueprint)","United States",57
"X 100PRE",Canada,57
"= (Equals)",Canada,56
"1000 Forms of Fear","United States",56
"Ashen Confessions (Tales)","United States",56
"Ashen Rhythms (Anthology)","United States",56
"Autumn Variations",Canada,56
"Blazing Echoes (Tales)","United States",56
"Blazing Rhythms (Vol. I)",Canada,56
"Broken Echoes (Redux)",Canada,56
"Broken Lights (Reprise)","United States",56
"Broken Rooms (Soundtrack)","United States",56
"Broken Shadows",Canada,56
"Broken Voices (Soundtrack)",Canada,56
"Broken Whispers (Soundtrack)","United States",56
"Burning Dreams (Verse)",Canada,56
"Burning Dreams (Verse)","United States",56
"Burning Rhythms (Chronicles)",Canada,56
"Burning Visions (Blueprint)","United States",56
Changes,Canada,56
"Crimson Desire (Vol. II)","United States",56
"Crimson Lights (Blueprint)","United States",56
"Crimson Waves (Tales)","United States",56
"Crimson Whispers (Verse)","United States",56
"Dangerous Woman","United States",56
"Dark & Wild",Canada,56
"Distant Dreams (Memoirs)",Canada,56
"Distant Dreams (Redux)","United States",56
"Distant Hearts (Vol. II)",Canada,56
"Distant Paths (Memoirs)","United States",56
"Distant Roses",Canada,56
"Distant Serenade (Vol. I)",Canada,56
"Distant Serenade (Vol. II)",Canada,56
"Distant Tides (Tales)","United States",56
"Echo Serenade (Chronicles)",Canada,56
"Echo Shadows","United States",56
"Echo Stories (Archives)","United States",56
"Echo Waves (Blueprint)","United States",56
"Electric Paradise (Anthology)","United States",56
"Fading Echoes (Memoirs)","United States",56
"Fading Paradise (Verse)","United States",56
"Fading Souls (Vol. I)",Canada,56
"Fading Visions (Anthology)","United States",56
Familia,"United States",56
"Frost Dreams","United States",56
"Frost Reflections (Memoirs)",Canada,56
"Glass Tides (Archives)","United States",56
"Glass Tides (Vol. II)",Canada,56
"Golden Waves (Edition)",Canada,56
"Hidden Confessions (Redux)",Canada,56
"Hidden Dreams (Vol. II)",Canada,56
"Hidden Paradise (Soundtrack)","United States",56
"Hidden Visions (Memoirs)",Canada,56
Illuminate,"United States",56
"Infinite Paths","United States",56
Joanne,"United States",56
"Lunar Roses (Tales)","United States",56
"Midnight Lights (Reprise)",Canada,56
"Midnight Stories (Vol. I)","United States",56
"Midnight Visions (Vol. I)","United States",56
Midnights,Canada,56
"Moonlit Desire (Diaries)","United States",56
"Moonlit Echoes (Redux)",Canada,56
"Moonlit Reflections (Memoirs)",Canada,56
"Moonlit Roses (Blueprint)",Canada,56
"Moonlit Souls (Blueprint)","United States",56
"Neon Paradise (Archives)","United States",56
"Neon Paths (Verse)",Canada,56
"Neon Reflections (Archives)","United States",56
"Neon Shadows (Vol. I)",Canada,56
"Night Visions",Canada,56
"Obsidian Desire (Memoirs)","United States",56
"Obsidian Lights (Chronicles)",Canada,56
"Obsidian Lights (Chronicles)","United States",56
"Obsidian Shadows (Redux)","United States",56
"Obsidian Temples (Anthology)",Canada,56
"Ocean Letters (Vol. I)","United States",56
"Ocean Rooms (Soundtrack)","United States",56
"Ocean Roses (Memoirs)",Canada,56
"Paper Voices (Blueprint)","United States",56
"Please Please Me","United States",56
"Radiant Lights (Reprise)",Canada,56
"Radiant Roses (Blueprint)","United States",56
"Sacred Rooms (Vol. II)","United States",56
"Sacred Roses (Archives)","United States",56
"Sacred Serenade (Edition)",Canada,56
"Sacred Stories (Vol. II)","United States",56
"Sacred Whispers (Verse)",Canada,56
"Sapphire Letters (Sessions)",Canada,56
"Sapphire Letters (Verse)","United States",56
"Sapphire Lights (Verse)","United States",56
"Sapphire Paradise (Soundtrack)","United States",56
"Sapphire Paths (Vol. II)","United States",56
"Sapphire Rooms (Chronicles)",Canada,56
"Sapphire Souls (Edition)",Canada,56
"Sapphire Visions (Vol. II)",Canada,56
"Shattered Dreams (Archives)","United States",56
"Silent Temples (Tales)","United States",56
"Silent Waves (Sessions)","United States",56
"Storm Hearts (Archives)",Canada,56
"Storm Roses (Memoirs)","United States",56
"Storm Voices (Tales)","United States",56
"The Pinkprint","United States",56
V,"United States",56
"Velvet Serenade (Chronicles)","United States",56
"Velvet Tides","United States",56
"Velvet Tides (Vol. I)",Canada,56
"Velvet Visions (Archives)","United States",56
"Velvet Visions (Vol. I)",Canada,56
"Whisper Dreams (Vol. II)","United States",56
"Whisper Signals","United States",56
"Whisper Stories (Redux)","United States",56
"Wild Lights (Memoirs)","United States",56
"Wild Lights (Vol. I)","United States",56
"Wild Reflections (Soundtrack)","United States",56
"Wild Rhythms","United States",56
"Wild Rooms (Memoirs)",Canada,56
"Wild Tides (Sessions)","United States",56
Witness,Canada,56
"+ (Plus)","United States",55
"÷ (Divide)","United States",55
1989,Canada,55
"A Girl Like Me",Canada,55
"Ashen Lights (Reprise)","United States",55
"Ashen Reflections (Memoirs)","United States",55
"Ashen Rhythms (Archives)",Canada,55
"Ashen Temples (Soundtrack)","United States",55
"Ashen Voices (Blueprint)",Canada,55
Astroworld,"United States",55
"Beerbongs & Bentleys",Canada,55
"Blazing Confessions (Memoirs)",Canada,55
"Blazing Desire",Canada,55
"Blazing Dreams (Edition)","United States",55
"Blazing Dreams (Redux)","United States",55
"Blazing Echoes (Blueprint)","United States",55
"Blazing Paradise (Verse)",Canada,55
"Blazing Rooms (Tales)",Canada,55
"Blazing Voices (Edition)",Canada,55
"Broken Lights (Verse)",Canada,55
"Broken Shadows","United States",55
"Broken Souls (Anthology)",Canada,55
"Broken Souls (Memoirs)","United States",55
"Broken Temples (Archives)",Canada,55
"Burning Rooms","United States",55
"Burning Signals (Soundtrack)","United States",55
"Burning Temples (Chronicles)","United States",55
"Burning Voices","United States",55
"Crimson Roses (Memoirs)","United States",55
"Distant Letters (Tales)",Canada,55
"Distant Letters (Tales)","United States",55
"Distant Souls (Blueprint)","United States",55
"Distant Stories (Vol. II)",Canada,55
"Distant Visions (Archives)",Canada,55
"Distant Waves (Anthology)","United States",55
"Distant Whispers (Memoirs)","United States",55
"Echo Serenade (Saga)",Canada,55
"Echo Voices (Soundtrack)","United States",55
"Electric Confessions (Diaries)",Canada,55
"Electric Echoes (Redux)",Canada,55
"Electric Temples (Edition)",Canada,55
Elvis,Canada,55
"Fading Lights (Redux)","United States",55
"Fading Lights (Vol. II)","United States",55
"Fading Shadows (Vol. II)",Canada,55
"Fading Tides (Blueprint)",Canada,55
"Fading Voices (Reprise)","United States",55
"Fading Voices (Soundtrack)","United States",55
"Frost Paths (Saga)",Canada,55
"Glass Reflections (Saga)","United States",55
"Golden Desire (Tales)",Canada,55
"Golden Reflections (Verse)",Canada,55
"Hands All Over","United States",55
Handwritten,Canada,55
"Hidden Rhythms (Vol. II)",Canada,55
"Hidden Souls (Tales)","United States",55
"Hidden Whispers (Redux)",Canada,55
"Infinite Paradise (Verse)","United States",55
"Infinite Roses (Diaries)","United States",55
"Infinite Shadows (Verse)","United States",55
"Infinite Visions (Saga)",Canada,55
"Jesus Is King",Canada,55
Jose,"United States",55
"Katy Hudson","United States",55
"Lunar Desire (Reprise)","United States",55
"Lunar Temples (Tales)","United States",55
"Midnight Desire (Verse)",Canada,55
"Midnight Horizons (Redux)",Canada,55
"Midnight Reflections (Vol. I)",Canada,55
"Midnight Rhythms (Reprise)","United States",55
"Moonlit Echoes (Redux)","United States",55
"Moonlit Horizons (Memoirs)","United States",55
"Moonlit Horizons (Soundtrack)","United States",55
"Moonlit Temples (Vol. I)",Canada,55
"Neon Horizons (Vol. II)","United States",55
"Neon Paradise (Edition)","United States",55
"Neon Reflections (Diaries)","United States",55
"Neon Rooms (Redux)","United States",55
"Neon Shadows (Tales)",Canada,55
"Neon Whispers (Anthology)","United States",55
"Obsidian Lights (Edition)","United States",55
"Obsidian Reflections (Diaries)",Canada,55
"Obsidian Shadows (Verse)","United States",55
"Ocean Lights",Canada,55
"Ocean Lights","United States",55
"Ocean Tides (Anthology)",Canada,55
"Paper Horizons (Reprise)","United States",55
"Paper Tides (Memoirs)",Canada,55
"Paper Visions (Vol. II)","United States",55
"Pink Friday 2","United States",55
Positions,Canada,55
"Pot Luck","United States",55
"Radiant Confessions",Canada,55
"Reasonable Woman","United States",55
"Sacred Stories (Tales)","United States",55
"Sapphire Rooms (Blueprint)",Canada,55
"Sapphire Shadows (Vol. II)",Canada,55
"Sapphire Tides (Verse)",Canada,55
"Sapphire Voices (Reprise)",Canada,55
"Sapphire Whispers (Redux)",Canada,55
"Shattered Horizons (Redux)",Canada,55
"Shattered Roses (Blueprint)",Canada,55
"Shattered Tides (Sessions)",Canada,55
"Silent Paths (Redux)","United States",55
"Silent Rhythms (Tales)","United States",55
"Silent Shadows (Vol. I)",Canada,55
"Storm Paradise (Redux)",Canada,55
"Storm Paths (Reprise)",Canada,55
"Storm Rooms (Tales)",Canada,55
"Storm Souls (Saga)","United States",55
"Take Care","United States",55
"The Album","United States",55
"The Pinkprint",Canada,55
Thriller,Canada,55
"Velvet Reflections",Canada,55
"Whisper Confessions (Anthology)",Canada,55
"Whisper Serenade (Sessions)",Canada,55
"Whisper Tides",Canada,55
"Wild Temples (Edition)","United States",55
21,Canada,54
"808s & Heartbreak",Canada,54
"Ashen Desire (Redux)","United States",54
"Ashen Rooms (Saga)","United States",54
"Ashen Souls (Vol. I)",Canada,54
"Ashen Voices (Blueprint)","United States",54
Austin,"United States",54
"Blazing Signals (Sessions)","United States",54
"Blazing Souls (Reprise)",Canada,54
"Broken Letters (Memoirs)","United States",54
"Broken Rhythms (Edition)","United States",54
"Broken Rooms (Blueprint)",Canada,54
"Broken Waves (Saga)","United States",54
"Burning Signals (Blueprint)",Canada,54
"Burning Souls (Memoirs)","United States",54
"Crimson Confessions (Soundtrack)",Canada,54
"Crimson Letters (Redux)","United States",54
"Crimson Serenade (Tales)",Canada,54
"Crimson Stories (Tales)","United States",54
"Distant Letters (Edition)",Canada,54
"Distant Reflections (Anthology)",Canada,54
"Distant Signals (Edition)",Canada,54
"Echo Dreams (Blueprint)","United States",54
"Echo Dreams (Redux)","United States",54
"Echo Shadows (Vol. II)",Canada,54
"El Último Tour Del Mundo","United States",54
"Electric Signals","United States",54
"Electric Temples (Edition)","United States",54
"Electric Whispers (Chronicles)","United States",54
"Fading Hearts","United States",54
"Fading Signals (Vol. I)","United States",54
"Fading Signals (Vol. II)",Canada,54
"Fading Visions (Saga)","United States",54
"Frost Hearts (Archives)","United States",54
"Frost Letters (Tales)","United States",54
"Frost Reflections (Memoirs)","United States",54
"Frost Rooms (Blueprint)",Canada,54
"Frost Serenade (Redux)",Canada,54
"Frost Souls (Sessions)","United States",54
"Frost Visions (Diaries)","United States",54
"Glass Dreams (Redux)","United States",54
"Glass Letters (Edition)","United States",54
"Glass Rooms (Chronicles)",Canada,54
"Glass Waves (Vol. I)","United States",54
"Golden Rhythms (Tales)","United States",54
"Golden Stories",Canada,54
"Golden Temples (Archives)","United States",54
"His Hand in Mine",Canada,54
"Infinite Echoes","United States",54
"Infinite Waves (Chronicles)","United States",54
"Lunar Hearts (Soundtrack)",Canada,54
"Lunar Paths",Canada,54
"Lunar Signals (Vol. II)","United States",54
"Lunar Tides (Blueprint)",Canada,54
"Mercury – Act 1","United States",54
"Mercury – Act 2",Canada,54
"Midnight Dreams (Soundtrack)","United States",54
"Midnight Rhythms (Tales)","United States",54
"Midnight Whispers (Tales)","United States",54
"Moonlit Desire (Anthology)",Canada,54
"Moonlit Desire (Diaries)",Canada,54
"Moonlit Dreams (Tales)","United States",54
"My World 2.0",Canada,54
"Neon Dreams (Redux)","United States",54
"Neon Shadows (Memoirs)","United States",54
"Neon Souls (Anthology)",Canada,54
"Neon Stories (Vol. II)","United States",54
"Neon Tides (Diaries)",Canada,54
"Obsidian Echoes (Soundtrack)",Canada,54
"Obsidian Waves (Archives)","United States",54
"Ocean Desire (Reprise)",Canada,54
"Ocean Echoes","United States",54
"Ocean Letters (Vol. I)",Canada,54
"Ocean Roses (Diaries)","United States",54
"Ocean Temples (Reprise)",Canada,54
"Ocean Voices (Blueprint)",Canada,54
"Ocean Waves (Diaries)",Canada,54
"Paper Reflections (Verse)",Canada,54
"Pink Friday",Canada,54
"Radiant Desire (Edition)","United States",54
"Radiant Rhythms (Soundtrack)","United States",54
"Radiant Serenade",Canada,54
"Radiant Waves (Soundtrack)","United States",54
"Red Pill Blues","United States",54
"Sacred Dreams (Verse)","United States",54
"Sapphire Hearts (Archives)",Canada,54
"Sapphire Rooms (Chronicles)","United States",54
Scarlet,Canada,54
"Shattered Lights (Vol. II)","United States",54
"Shattered Rooms (Sessions)","United States",54
"Shattered Roses (Redux)","United States",54
"Some People Have Real Problems","United States",54
"Something for Everybody",Canada,54
SOUR,"United States",54
"Storm Signals (Soundtrack)",Canada,54
"Storm Waves (Sessions)",Canada,54
Unapologetic,Canada,54
"Velvet Hearts (Archives)","United States",54
"Velvet Temples (Saga)",Canada,54
"Whisper Echoes (Chronicles)","United States",54
"Whisper Hearts (Sessions)","United States",54
"Wild Hearts (Chronicles)","United States",54
"Wild Reflections (Soundtrack)",Canada,54
"Wild Signals (Anthology)","United States",54
Yeezus,"United States",54
"A Girl Like Me","United States",53
"Ashen Confessions (Tales)",Canada,53
"Ashen Letters (Blueprint)",Canada,53
"Ashen Lights (Anthology)",Canada,53
"Ashen Visions (Archives)",Canada,53
Ben,Canada,53
"Blazing Desire","United States",53
"Blazing Dreams (Redux)",Canada,53
"Blazing Lights (Anthology)",Canada,53
"Blazing Shadows (Soundtrack)",Canada,53
"Blazing Shadows (Soundtrack)","United States",53
"Broken Confessions (Archives)",Canada,53
"Broken Hearts (Chronicles)","United States",53
"Broken Lights (Redux)","United States",53
"Broken Waves (Vol. II)","United States",53
"Burning Souls (Memoirs)",Canada,53
"Crimson Letters (Saga)",Canada,53
"Crimson Letters (Saga)","United States",53
"Crimson Paradise (Vol. I)",Canada,53
"Crimson Paradise (Vol. I)","United States",53
"Crimson Rooms (Anthology)","United States",53
"Crimson Rooms (Memoirs)","United States",53
"Crimson Stories (Saga)","United States",53
"Crimson Stories (Tales)",Canada,53
"Dangerous Woman",Canada,53
"Dawn FM",Canada,53
"Distant Confessions (Reprise)","United States",53
"Distant Paradise (Vol. I)",Canada,53
"Distant Paths (Edition)","United States",53
"Distant Paths (Saga)",Canada,53
"Distant Signals","United States",53
"Distant Signals (Redux)",Canada,53
"Distant Souls (Diaries)",Canada,53
"Echo Desire (Archives)","United States",53
"Echo Serenade (Chronicles)","United States",53
"Echo Souls (Vol. I)",Canada,53
"Electric Confessions (Saga)",Canada,53
"Electric Lights (Memoirs)","United States",53
"Electric Voices (Reprise)","United States",53
"Electric Waves (Archives)","United States",53
"Eternal Sunshine","United States",53
"Fading Letters (Blueprint)",Canada,53
"Fading Rhythms (Redux)",Canada,53
"Fading Rooms (Anthology)",Canada,53
"Fading Shadows (Vol. II)","United States",53
"Fading Visions (Anthology)",Canada,53
"Fading Visions (Saga)",Canada,53
"Fading Voices (Soundtrack)",Canada,53
Folklore,"United States",53
"Frost Tides (Soundtrack)","United States",53
"Frost Visions (Vol. II)","United States",53
"Glass Rooms (Chronicles)","United States",53
"Glass Rooms (Soundtrack)","United States",53
"Glass Tides (Vol. II)","United States",53
"Glass Voices (Redux)","United States",53
"Golden Rooms (Reprise)",Canada,53
"Golden Stories","United States",53
"Golden Whispers (Vol. I)","United States",53
"Hidden Lights (Verse)",Canada,53
"Hidden Stories (Edition)","United States",53
"Hidden Visions (Vol. I)","United States",53
"Infinite Letters (Soundtrack)",Canada,53
"Infinite Serenade (Blueprint)","United States",53
"Infinite Signals (Chronicles)",Canada,53
"Infinite Signals (Chronicles)","United States",53
"Lunar Letters (Chronicles)","United States",53
"Lunar Lights (Sessions)",Canada,53
"Lunar Stories (Edition)","United States",53
"Lunar Temples (Vol. I)","United States",53
"Midnight Shadows (Archives)",Canada,53
"Midnight Signals (Diaries)","United States",53
"Midnight Stories (Diaries)","United States",53
"Midnight Temples (Chronicles)","United States",53
"Midnight Waves (Archives)","United States",53
"Moonlit Desire (Chronicles)",Canada,53
"Moonlit Dreams (Tales)",Canada,53
"Moonlit Whispers (Vol. I)",Canada,53
"Music of the Sun","United States",53
"Neon Dreams (Redux)",Canada,53
"Neon Hearts",Canada,53
"Neon Letters (Edition)",Canada,53
"Neon Waves (Tales)","United States",53
"Nothing Was the Same","United States",53
"Ocean Echoes (Edition)","United States",53
"Ocean Rooms (Soundtrack)",Canada,53
"Ocean Temples (Chronicles)",Canada,53
"Ocean Visions (Saga)",Canada,53
"Ocean Voices (Tales)","United States",53
"Paper Confessions (Soundtrack)","United States",53
"Radiant Hearts (Reprise)","United States",53
"Radiant Lights (Verse)","United States",53
"Radiant Shadows (Tales)","United States",53
Reputation,"United States",53
Revolver,"United States",53
"Sacred Confessions (Chronicles)",Canada,53
"Sacred Confessions (Chronicles)","United States",53
"Sacred Paths (Blueprint)",Canada,53
"Sacred Tides (Vol. II)",Canada,53
"Sapphire Rhythms (Diaries)","United States",53
"Sapphire Tides (Diaries)",Canada,53
"Shattered Lights (Vol. II)",Canada,53
"Shattered Temples (Redux)","United States",53
"Shattered Voices (Reprise)",Canada,53
"Shattered Whispers","United States",53
"Silent Desire (Soundtrack)",Canada,53
"Silent Lights (Edition)",Canada,53
"Silent Souls (Sessions)",Canada,53
"Silent Tides (Archives)","United States",53
Smile,"United States",53
"Storm Serenade (Archives)",Canada,53
"The College Dropout",Canada,53
"The Thrill of It All",Canada,53
"Velvet Voices (Edition)","United States",53
"Velvet Waves (Archives)","United States",53
Views,"United States",53
"Whisper Confessions (Tales)",Canada,53
"Wild Whispers (Soundtrack)",Canada,53
"= (Equals)","United States",52
"An Evening with Silk Sonic",Canada,52
Believe,Canada,52
"Birds in the Trap Sing McKnight",Canada,52
"Birds in the Trap Sing McKnight","United States",52
"Blazing Paradise (Verse)","United States",52
"Blazing Rooms (Tales)","United States",52
"Blazing Voices (Sessions)","United States",52
"Blazing Whispers","United States",52
"Broken Letters (Reprise)",Canada,52
"Broken Letters (Soundtrack)",Canada,52
"Broken Stories (Soundtrack)","United States",52
"Broken Visions (Sessions)",Canada,52
"Burning Rhythms (Blueprint)","United States",52
"Burning Rooms (Blueprint)",Canada,52
"Burning Signals (Memoirs)",Canada,52
"Burning Temples (Vol. II)",Canada,52
"Burning Whispers (Diaries)","United States",52
"Crimson Lights (Vol. II)",Canada,52
"Crimson Reflections",Canada,52
"Distant Serenade (Vol. II)","United States",52
"Distant Signals (Redux)","United States",52
"Echo Desire (Archives)",Canada,52
"Echo Paradise (Edition)",Canada,52
"Echo Paradise (Tales)","United States",52
"Electric Desire (Saga)",Canada,52
"Electric Hearts (Diaries)","United States",52
"Electric Paths (Anthology)","United States",52
"Electric Stories (Tales)",Canada,52
"Electric Stories (Tales)","United States",52
"Fading Letters (Saga)",Canada,52
"Fading Stories (Verse)",Canada,52
"Frost Horizons (Verse)",Canada,52
"Frost Reflections (Verse)",Canada,52
"Glass Echoes (Edition)",Canada,52
"Glass Voices (Redux)",Canada,52
"Golden Reflections (Archives)","United States",52
"Golden Shadows (Sessions)",Canada,52
"Harry Styles","United States",52
"Hidden Echoes (Reprise)",Canada,52
"Infinite Letters (Soundtrack)","United States",52
"Lunar Echoes (Sessions)","United States",52
"Lunar Letters (Soundtrack)","United States",52
"Lunar Lights (Sessions)","United States",52
"Lunar Roses (Tales)",Canada,52
"Midnight Dreams (Vol. II)",Canada,52
"Midnight Echoes (Verse)",Canada,52
"Midnight Echoes (Verse)","United States",52
"Midnight Whispers (Verse)","United States",52
"Neon Letters (Edition)","United States",52
"Neon Paths (Vol. I)",Canada,52
"Nobody Is Listening",Canada,52
"Obsidian Desire (Redux)","United States",52
"Obsidian Desire (Reprise)","United States",52
"Obsidian Paths (Anthology)","United States",52
"Obsidian Rooms (Verse)","United States",52
"Ocean Horizons (Blueprint)","United States",52
"Ocean Rooms (Archives)","United States",52
"Ocean Waves (Diaries)","United States",52
"Paper Reflections (Reprise)",Canada,52
"Paper Serenade (Saga)",Canada,52
"Paper Stories (Archives)",Canada,52
"Planet Her","United States",52
"Radiant Horizons (Saga)","United States",52
"Radiant Reflections","United States",52
"Radiant Temples (Diaries)","United States",52
"Radiant Voices (Soundtrack)","United States",52
"Sacred Confessions (Archives)","United States",52
"Sacred Hearts (Memoirs)","United States",52
"Sacred Horizons (Sessions)","United States",52
"Sacred Lights (Saga)","United States",52
"Sacred Paradise (Saga)","United States",52
"Sacred Roses (Vol. II)","United States",52
"Sacred Signals (Saga)","United States",52
"Sacred Stories (Vol. II)",Canada,52
"Sapphire Letters (Sessions)","United States",52
"Sapphire Rooms (Vol. I)","United States",52
"Sapphire Temples (Vol. I)","United States",52
"Sapphire Visions (Vol. II)","United States",52
Scarlet,"United States",52
"Shattered Confessions (Soundtrack)",Canada,52
"Shattered Desire (Sessions)","United States",52
"Shattered Roses (Blueprint)","United States",52
"Shattered Voices (Reprise)","United States",52
"Shattered Whispers",Canada,52
"Silent Roses (Memoirs)",Canada,52
"Silent Roses (Memoirs)","United States",52
"Silent Signals (Chronicles)","United States",52
"Silent Tides (Vol. II)","United States",52
"Silent Waves (Redux)",Canada,52
"Storm Hearts (Archives)","United States",52
"Storm Letters (Reprise)",Canada,52
"Storm Paradise (Saga)","United States",52
"Storm Rooms (Vol. I)",Canada,52
Utopia,"United States",52
"Velvet Serenade (Saga)","United States",52
"When We All Fall Asleep, Where Do We Go?",Canada,52
"Whisper Paths (Redux)",Canada,52
"Whisper Stories (Reprise)","United States",52
"Whisper Tides (Chronicles)","United States",52
"Wild Lights (Vol. I)",Canada,52
"Yours Truly",Canada,52
"Ashen Signals (Saga)","United States",51
"Ashen Temples (Soundtrack)",Canada,51
"Ashen Visions (Archives)","United States",51
"Beauty Behind the Madness",Canada,51
"Blazing Desire (Sessions)",Canada,51
"Burning Hearts (Vol. II)","United States",51
"Burning Lights (Verse)","United States",51
"Burning Signals (Memoirs)","United States",51
"Crimson Roses (Memoirs)",Canada,51
"Cuz I Love You","United States",51
"Distant Rhythms (Vol. I)",Canada,51
"Doo-Wops & Hooligans","United States",51
"Echo Confessions (Soundtrack)","United States",51
"Echo Paradise (Saga)",Canada,51
"Electric Echoes",Canada,51
"Electric Rooms","United States",51
"Electric Stories (Diaries)","United States",51
"Fading Desire (Reprise)","United States",51
"Fading Hearts",Canada,51
"Fading Horizons",Canada,51
"Fading Horizons","United States",51
"Fading Rooms (Vol. I)",Canada,51
"Fading Serenade (Soundtrack)","United States",51
"Fading Souls (Diaries)",Canada,51
"Frost Desire (Verse)","United States",51
"Frost Tides (Saga)","United States",51
"Glass Echoes (Edition)","United States",51
"Glass Hearts (Verse)","United States",51
"Golden Paradise (Blueprint)",Canada,51
Graduation,"United States",51
Help!,"United States",51
"Hidden Letters (Reprise)","United States",51
"Hidden Reflections",Canada,51
"Hidden Reflections (Blueprint)","United States",51
"Hidden Waves (Saga)","United States",51
"Hollywood's Bleeding","United States",51
"Late Registration","United States",51
Loud,"United States",51
"Love Goes","United States",51
"Lunar Letters (Chronicles)",Canada,51
"Lunar Rhythms (Verse)","United States",51
"Lunar Souls (Verse)",Canada,51
"Lunar Tides (Blueprint)","United States",51
"Map of the Soul: 7",Canada,51
"Midnight Rhythms (Tales)",Canada,51
"Midnight Stories (Diaries)",Canada,51
"Midnight Waves (Archives)",Canada,51
"Moonlit Reflections (Memoirs)","United States",51
"Moonlit Stories (Tales)","United States",51
"Neon Desire (Redux)",Canada,51
"Neon Rooms (Chronicles)",Canada,51
"Neon Stories (Vol. II)",Canada,51
"Neon Voices (Vol. II)","United States",51
"Obsidian Rooms",Canada,51
"Ocean Rhythms (Reprise)",Canada,51
"Paper Horizons (Vol. II)","United States",51
"Radiant Confessions (Saga)","United States",51
"Radiant Echoes (Diaries)",Canada,51
"Radiant Horizons (Saga)",Canada,51
"Radiant Rhythms (Archives)","United States",51
"Radiant Stories (Chronicles)",Canada,51
"Radiant Whispers (Memoirs)",Canada,51
Revival,Canada,51
Romance,Canada,51
"Sacred Dreams (Sessions)","United States",51
"Sacred Paradise (Saga)",Canada,51
"Sacred Tides",Canada,51
"Sapphire Rhythms (Saga)","United States",51
"Sapphire Whispers (Reprise)","United States",51
"Shattered Paradise (Edition)","United States",51
"Shattered Paths (Reprise)",Canada,51
"Shattered Temples (Redux)",Canada,51
"Shattered Voices (Vol. I)",Canada,51
"Shattered Whispers (Reprise)","United States",51
"Silent Confessions (Edition)",Canada,51
"Silent Dreams (Vol. II)","United States",51
"Silent Rhythms (Tales)",Canada,51
"Silent Shadows (Vol. I)","United States",51
"Square Up","United States",51
"Storm Desire (Diaries)","United States",51
"Velvet Temples (Saga)","United States",51
"We Are Born",Canada,51
"Wild Stories (Reprise)","United States",51
Witness,"United States",51
Yeezus,Canada,51
"+ (Plus)",Canada,50
"A Hard Day's Night","United States",50
"After Hours","United States",50
"Ashen Reflections (Memoirs)",Canada,50
"Ashen Tides (Tales)",Canada,50
Ben,"United States",50
"Blazing Paths","United States",50
"Blazing Rhythms (Vol. I)","United States",50
"Blazing Souls (Reprise)","United States",50
"Broken Confessions (Diaries)",Canada,50
"Broken Rhythms (Diaries)",Canada,50
"Broken Waves (Vol. II)",Canada,50
"Broken Whispers (Soundtrack)",Canada,50
"Burning Confessions (Edition)","United States",50
"Burning Hearts (Soundtrack)","United States",50
"Burning Lights (Edition)","United States",50
"Burning Rhythms (Chronicles)","United States",50
"Burning Waves (Verse)",Canada,50
"Crimson Waves (Reprise)","United States",50
"Crimson Whispers (Sessions)",Canada,50
"Distant Rhythms (Vol. I)","United States",50
"Distant Signals (Edition)","United States",50
"Echo Souls (Vol. I)","United States",50
"Echo Tides (Saga)","United States",50
"El Último Tour Del Mundo",Canada,50
"Fading Roses (Diaries)","United States",50
"Fading Souls (Diaries)","United States",50
"Frost Dreams (Soundtrack)","United States",50
"Frost Stories (Anthology)",Canada,50
"Frost Stories (Anthology)","United States",50
"Frost Waves (Blueprint)","United States",50
"Glass Horizons (Edition)",Canada,50
"Glass Waves (Saga)",Canada,50
"Golden Visions (Vol. II)","United States",50
"Hidden Echoes (Reprise)","United States",50
"His Hand in Mine","United States",50
"Infinite Letters (Verse)","United States",50
"Infinite Voices (Sessions)",Canada,50
"Infinite Waves (Archives)",Canada,50
"Lunar Roses (Archives)",Canada,50
"Midnight Lights (Reprise)","United States",50
"Midnight Reflections (Archives)",Canada,50
"Moonlit Desire (Anthology)","United States",50
"Moonlit Desire (Chronicles)","United States",50
"Moonlit Desire (Reprise)","United States",50
"Moonlit Paradise (Memoirs)",Canada,50
"Moonlit Waves (Reprise)",Canada,50
"Neon Desire (Edition)","United States",50
"Obsidian Lights (Verse)","United States",50
"Obsidian Paths (Memoirs)","United States",50
"Obsidian Rooms (Chronicles)",Canada,50
"Obsidian Tides (Soundtrack)",Canada,50
"Obsidian Whispers (Vol. II)","United States",50
"Paper Serenade (Vol. II)","United States",50
"Pot Luck",Canada,50
Queen,"United States",50
"Radiant Reflections (Diaries)",Canada,50
"Radiant Serenade (Tales)","United States",50
"Rated R",Canada,50
"Sacred Serenade (Edition)","United States",50
"Sapphire Paths (Memoirs)",Canada,50
"Sapphire Tides (Diaries)","United States",50
"Sapphire Waves (Saga)","United States",50
"Sgt. Pepper's Lonely Hearts Club Band","United States",50
"Shattered Letters (Soundtrack)","United States",50
"Shattered Shadows","United States",50
"Shattered Temples (Blueprint)",Canada,50
"Speak Now","United States",50
"Storm Paradise (Redux)","United States",50
"Storm Signals (Soundtrack)","United States",50
"Storm Tides (Vol. I)","United States",50
"Thank U, Next","United States",50
"The Life of Pablo",Canada,50
"Velvet Visions (Archives)",Canada,50
"Whisper Confessions (Tales)","United States",50
"Whisper Lights (Memoirs)",Canada,50
"Whisper Stories (Reprise)",Canada,50
"Wild Shadows (Chronicles)","United States",50
"You Never Walk Alone","United States",50
"Ashen Tides (Reprise)",Canada,49
"Ashen Tides (Verse)",Canada,49
"Beerbongs & Bentleys","United States",49
Believe,"United States",49
"Broken Shadows (Edition)",Canada,49
"Burning Lights (Edition)",Canada,49
"Burning Paths (Soundtrack)",Canada,49
"Crimson Confessions (Soundtrack)","United States",49
"Crimson Rooms (Anthology)",Canada,49
"Crimson Stories (Saga)",Canada,49
"Distant Desire (Diaries)","United States",49
"Distant Hearts (Verse)",Canada,49
"Distant Hearts (Vol. II)","United States",49
"Electric Echoes (Redux)","United States",49
"Electric Horizons (Redux)","United States",49
"Electric Roses (Reprise)",Canada,49
"Electric Shadows (Tales)","United States",49
"Electric Whispers (Vol. I)",Canada,49
"Fading Rhythms (Redux)","United States",49
"Fading Rooms (Anthology)","United States",49
"Glass Waves (Reprise)","United States",49
"Golden Letters (Anthology)",Canada,49
"Golden Reflections (Verse)","United States",49
"Golden Whispers (Soundtrack)","United States",49
"Got to Be There",Canada,49
GUTS,"United States",49
"Hidden Confessions (Sessions)",Canada,49
Illuminate,Canada,49
"Infinite Echoes (Chronicles)",Canada,49
"Infinite Rhythms (Vol. II)","United States",49
"La Familia","United States",49
"Loving You","United States",49
"Lunar Rhythms (Verse)",Canada,49
"Midnight Whispers (Verse)",Canada,49
"Moonlit Horizons (Vol. II)",Canada,49
"Moonlit Whispers (Redux)","United States",49
"Neon Rooms (Chronicles)","United States",49
"Neon Shadows (Tales)","United States",49
"Neon Visions (Verse)","United States",49
"Obsidian Visions (Sessions)","United States",49
"Ocean Echoes (Tales)","United States",49
"Ocean Letters (Verse)",Canada,49
"Ocean Roses (Verse)",Canada,49
"Radiant Voices (Soundtrack)",Canada,49
"Sacred Signals (Blueprint)","United States",49
"Sapphire Rooms (Vol. I)",Canada,49
"Shattered Confessions (Soundtrack)","United States",49
"Silent Dreams (Vol. II)",Canada,49
"Silent Paths (Archives)",Canada,49
"Storm Voices (Tales)",Canada,49
"Talk That Talk","United States",49
"The Thrill of It All","United States",49
"Un Verano Sin Ti","United States",49
"Velvet Horizons (Sessions)",Canada,49
"Velvet Rooms (Tales)","United States",49
"Velvet Souls (Diaries)",Canada,49
"Velvet Waves (Edition)",Canada,49
"Whisper Confessions (Anthology)","United States",49
"Whisper Signals (Tales)",Canada,49
"Wild Paradise (Archives)","United States",49
"Wild Rooms (Memoirs)","United States",49
Ye,Canada,49
25,"United States",48
30,"United States",48
"Ashen Echoes (Vol. I)","United States",48
"Ashen Waves (Archives)","United States",48
"Blazing Confessions (Redux)","United States",48
"Burning Paths (Soundtrack)","United States",48
"Crimson Desire (Chronicles)",Canada,48
"Crimson Souls (Edition)","United States",48
"Crimson Souls (Sessions)","United States",48
"Echo Tides (Saga)",Canada,48
"Electric Dreams","United States",48
"Electric Lights (Memoirs)",Canada,48
"Fading Souls (Tales)",Canada,48
"Frost Horizons (Verse)","United States",48
"Frost Souls (Tales)","United States",48
"Glass Waves (Saga)","United States",48
"Golden Signals (Blueprint)",Canada,48
"Golden Visions","United States",48
"Harry's House","United States",48
"If You're Reading This It's Too Late","United States",48
"Infinite Signals (Tales)",Canada,48
"Lunar Paradise (Edition)","United States",48
"Lunar Signals (Redux)","United States",48
"Lunar Whispers","United States",48
"Midnight Desire (Anthology)",Canada,48
"Midnight Desire (Verse)","United States",48
"Midnight Rooms (Memoirs)",Canada,48
"Midnight Temples (Blueprint)","United States",48
"Midnight Visions (Vol. I)",Canada,48
"Moonlit Voices (Reprise)","United States",48
"Neon Horizons (Vol. II)",Canada,48
"Neon Rooms (Diaries)","United States",48
"Neon Temples (Archives)","United States",48
"Obsidian Rooms","United States",48
"Obsidian Visions (Sessions)",Canada,48
"Ocean Echoes (Blueprint)","United States",48
"Ocean Hearts (Blueprint)",Canada,48
"Ocean Roses (Verse)","United States",48
"Ocean Signals (Sessions)","United States",48
"Paper Horizons (Vol. II)",Canada,48
"Pink Friday","United States",48
"Sapphire Horizons (Chronicles)",Canada,48
"Shattered Reflections (Diaries)","United States",48
"Shattered Signals (Vol. I)","United States",48
"Silent Serenade (Reprise)",Canada,48
"Some People Have Real Problems",Canada,48
"Storm Dreams (Diaries)",Canada,48
"Storm Shadows (Chronicles)",Canada,48
"Un Verano Sin Ti",Canada,48
"Velvet Signals (Soundtrack)","United States",48
"Wild Souls (Anthology)","United States",48
ANTI,Canada,47
"Ashen Desire (Saga)",Canada,47
"Ashen Serenade (Soundtrack)","United States",47
"Blazing Tides (Anthology)",Canada,47
"Broken Confessions (Diaries)","United States",47
"Broken Waves (Saga)",Canada,47
"Burning Desire (Diaries)","United States",47
"Crimson Souls (Edition)",Canada,47
"Distant Paths (Memoirs)",Canada,47
"Distant Voices (Diaries)","United States",47
"Echo Echoes (Vol. I)",Canada,47
"Electric Confessions (Diaries)","United States",47
"Fading Lights (Redux)",Canada,47
"Frost Shadows (Redux)","United States",47
"Frost Tides","United States",47
"Glass Visions (Saga)","United States",47
"Golden Souls (Sessions)","United States",47
"It Won't Be Soon Before Long","United States",47
Jordi,Canada,47
"Lunar Lights (Anthology)","United States",47
"Moonlit Stories (Verse)","United States",47
"Moonlit Tides (Verse)","United States",47
"Nadie Sabe Lo Que Va a Pasar Mañana",Canada,47
"Neon Paths (Tales)",Canada,47
"Nobody Is Listening","United States",47
"Obsidian Stories","United States",47
"Ocean Hearts (Blueprint)","United States",47
"Radiant Echoes (Diaries)","United States",47
"Radiant Paradise (Archives)","United States",47
"Radiant Shadows (Soundtrack)",Canada,47
"Radiant Shadows (Soundtrack)","United States",47
"Radiant Temples (Diaries)",Canada,47
"Sacred Dreams (Sessions)",Canada,47
"Sapphire Tides (Tales)",Canada,47
"Silent Reflections (Archives)",Canada,47
"Silent Souls (Sessions)","United States",47
"Songs About Jane",Canada,47
"Songs About Jane","United States",47
"Storm Paradise (Saga)",Canada,47
"Velvet Serenade (Chronicles)",Canada,47
"Velvet Waves (Edition)","United States",47
"Whisper Horizons (Saga)","United States",47
"Wild Paths","United States",47
"Ashen Hearts (Blueprint)",Canada,46
"Ashen Rooms (Redux)","United States",46
"Blazing Lights (Anthology)","United States",46
"Broken Visions (Sessions)","United States",46
"Burning Visions (Archives)",Canada,46
"Crimson Whispers (Sessions)","United States",46
"Distant Hearts (Verse)","United States",46
"Distant Voices (Diaries)",Canada,46
"Doo-Wops & Hooligans",Canada,46
"Echo Dreams (Redux)",Canada,46
"Electric Horizons (Memoirs)","United States",46
"Fading Rhythms (Soundtrack)",Canada,46
"Fading Rooms (Sessions)","United States",46
"Frost Souls (Tales)",Canada,46
"Frost Stories (Archives)",Canada,46
"Infinite Paths (Blueprint)","United States",46
"Infinite Serenade (Diaries)","United States",46
Justice,"United States",46
"Love Yourself: Her","United States",46
"My Everything",Canada,46
"Neon Paths (Verse)","United States",46
"Neon Rooms (Edition)","United States",46
"Obsidian Lights (Edition)",Canada,46
"Ocean Signals (Verse)",Canada,46
"Paper Echoes (Sessions)",Canada,46
"Paper Paradise (Vol. II)",Canada,46
"Paper Temples (Saga)",Canada,46
"Sacred Confessions (Redux)",Canada,46
"Sapphire Hearts (Archives)","United States",46
"Sapphire Temples (Vol. I)",Canada,46
"Shattered Echoes (Vol. I)",Canada,46
"Shattered Echoes (Vol. I)","United States",46
"Silent Whispers (Soundtrack)","United States",46
Special,Canada,46
"Storm Waves (Sessions)","United States",46
"Unorthodox Jukebox",Canada,46
"Velvet Paths (Verse)","United States",46
"Velvet Voices (Edition)",Canada,46
"Whisper Horizons (Saga)",Canada,46
"Whisper Reflections","United States",46
"Whisper Serenade (Sessions)","United States",46
"Whisper Signals (Tales)","United States",46
"With the Beatles",Canada,46
"Blazing Roses (Anthology)",Canada,45
"Born This Way","United States",45
"Broken Whispers (Chronicles)",Canada,45
"Burning Rhythms (Soundtrack)","United States",45
"Echo Rooms",Canada,45
"Electric Echoes (Soundtrack)","United States",45
"Electric Roses (Vol. II)","United States",45
"Love Yourself: Tear",Canada,45
"Lunar Signals",Canada,45
"Moonlit Horizons (Soundtrack)",Canada,45
"Moonlit Horizons (Tales)",Canada,45
"Neon Confessions (Blueprint)","United States",45
"Neon Confessions (Memoirs)",Canada,45
"Neon Confessions (Soundtrack)","United States",45
"Neon Rhythms (Diaries)","United States",45
"Neon Whispers (Anthology)",Canada,45
"Ocean Reflections (Vol. I)","United States",45
Prism,Canada,45
"Radiant Lights (Sessions)",Canada,45
"Velvet Signals (Soundtrack)",Canada,45
"X 100PRE","United States",45
"Broken Lights (Redux)",Canada,44
"Crimson Letters (Chronicles)",Canada,44
"Crimson Serenade (Verse)","United States",44
"Distant Rooms (Blueprint)",Canada,44
"Echo Shadows (Vol. II)","United States",44
"Electric Letters (Saga)","United States",44
"Frost Hearts (Saga)",Canada,44
"Frost Serenade (Anthology)","United States",44
"Golden Hearts (Redux)","United States",44
"Lunar Stories (Redux)",Canada,44
"Lunar Stories (Redux)","United States",44
"Neon Desire (Tales)","United States",44
"Neon Shadows (Reprise)","United States",44
"Obsidian Echoes (Edition)","United States",44
Overexposed,"United States",44
"Radiant Confessions","United States",44
"Radiant Rhythms (Archives)",Canada,44
"Sapphire Tides (Tales)","United States",44
"Velvet Dreams (Edition)","United States",44
"Velvet Tides (Verse)","United States",44
"Blazing Letters (Diaries)",Canada,43
"Electric Roses (Anthology)","United States",43
"Fading Signals (Vol. I)",Canada,43
"Frost Reflections (Verse)","United States",43
"Golden Tides (Archives)","United States",43
"Hidden Rhythms (Vol. II)","United States",43
"Infinite Hearts (Vol. II)","United States",43
"Infinite Signals","United States",43
"Love Yourself: Answer",Canada,43
"Lunar Signals","United States",43
"Moonlit Horizons (Tales)","United States",43
"Obsidian Echoes (Edition)",Canada,43
"Ocean Desire (Reprise)","United States",43
"Paper Stories (Tales)",Canada,43
"Radiant Roses (Blueprint)",Canada,43
"Radiant Stories (Verse)",Canada,43
"Sacred Roses (Chronicles)",Canada,43
"Shattered Roses (Redux)",Canada,43
"Stars Dance","United States",43
"The Beatles (White Album) (10)** *","United States",43
"Whisper Hearts (Sessions)",Canada,43
"Broken Rooms (Tales)","United States",42
"Frost Signals (Memoirs)","United States",42
"Golden Letters (Edition)",Canada,42
Midnights,"United States",42
"Shattered Desire (Sessions)",Canada,42
"Shattered Voices (Soundtrack)",Canada,42
"Elvis Presley","United States",41
"Fading Tides (Verse)",Canada,41
"Obsidian Paradise (Edition)","United States",41
"Radiant Lights (Reprise)","United States",41
"Radiant Waves (Soundtrack)",Canada,41
"Velvet Paths (Verse)",Canada,41
"Velvet Tides (Diaries)","United States",41
"Echo Waves (Anthology)","United States",40
"Golden Visions (Vol. II)",Canada,40
"Lunar Horizons (Vol. I)",Canada,40
"Moonlit Waves (Archives)","United States",40
"Paper Reflections (Verse)","United States",40
"Glass Horizons (Edition)","United States",39
"Hidden Voices (Redux)","United States",39
"Storm Roses (Memoirs)",Canada,39
"Wild Tides (Blueprint)",Canada,39
Ye,"United States",39
"Midnight Rooms (Memoirs)","United States",38
"Shattered Shadows (Verse)","United States",38
"Distant Confessions (Verse)",Canada,37
"Obsidian Stories (Edition)","United States",37
"Fading Voices (Reprise)",Canada,36
"Icarus Falls",Canada,36
"Neon Souls (Anthology)","United States",36
"Silent Tides (Archives)",Canada,36
"Golden Souls (Sessions)",Canada,35
"Moonlit Stories (Sessions)",Canada,35
"Ocean Paradise (Tales)","United States",35
"Ashen Temples (Diaries)","United States",34
"Hidden Waves (Edition)",Canada,2
"Ocean Serenade (Diaries)",Canada,2
"Hidden Waves (Edition)","United States",1
"Ocean Serenade (Diaries)","United States",1
